faa,name,lat,lon,alt
0V4,Brookneal/Campbell County Airport,37.141700744599994,-79.01640319820001,596
19S,Sublette Municipal Airport,37.49140167,-100.8300018,2908
23M,Clarke County Airport,32.0848999023,-88.738899231,320
2A5,Causey Airport,35.911800384521484,-79.61759948730469,723
2H0,Shelby County Airport,39.410400390599996,-88.8453979492,618
2K7,Neodesha Municipal Airport,37.43539810180664,-95.64610290527344,841
3AU,Augusta Municipal Airport,37.671600341796875,-97.0779037475586,1328
4A7,Atlanta South Regional Airport/Tara Field,33.389099,-84.332397,874
4U9,Dell Flight Strip,44.7356987,-112.720001221,6007
52A,Madison Municipal Airport,33.6120986938,-83.46040344240001,694
57C,East Troy Municipal Airport,42.79719924926758,-88.37259674072266,860
5B2,Saratoga County Airport,43.05130005,-73.86119843,434
6J4,Saluda County Airport,33.92679977416992,-81.79460144042969,555
6S0,Big Timber Airport,45.806400299072266,-109.98100280761719,4492
7W6,Hyde County Airport,35.562400817871094,-75.9552001953125,8
87K,El Dorado Springs Memorial Airport,37.8567008972168,-93.99909973144531,931
A39,Ak-Chin Regional Airport,32.9908056,-111.9185278,1300
A50,Colorado Springs East Airport,38.8744010925293,-104.41000366210938,6145
AAF,Apalachicola Regional Airport,29.72750092,-85.02749634,20
AAP,Andrau Airpark,29.722499847399998,-95.58830261230001,79
ABE,Lehigh Valley International Airport,40.652099609375,-75.44080352783203,393
ABI,Abilene Regional Airport,32.4113006592,-99.68190002440001,1791
ABL,Ambler Airport,67.106300354,-157.856994629,334
ABQ,Albuquerque International Sunport Airport,35.040199279785156,-106.60900115966797,5355
ABR,Aberdeen Regional Airport,45.449100494384766,-98.42179870605469,1302
ABY,Southwest Georgia Regional Airport,31.535499572753906,-84.19450378417969,197
ACK,Nantucket Memorial Airport,41.25310135,-70.06020355,47
ACT,Waco Regional Airport,31.611299514770508,-97.230499267578125,516
ACV,Arcata Airport,40.97809982299805,-124.10900115966797,221
ACY,Atlantic City International Airport,39.45759963989258,-74.57720184326172,75
ADK,Adak Airport,51.87799835205078,-176.64599609375,18
ADM,Ardmore Municipal Airport,34.30301,-97.0196342,777
ADQ,Kodiak Airport,57.75,-152.4940033,78
ADS,Addison Airport,32.9686012268,-96.8364028931,644
ADW,Andrews Air Force Base,38.810798645,-76.86699676510001,280
AET,Allakaket Airport,66.5518035889,-152.621994019,441
AEX,Alexandria International Airport,31.32740020751953,-92.54979705810547,89
AFE,Kake Airport,56.9613990784,-133.910003662,172
AFW,Fort Worth Alliance Airport,32.9875984192,-97.31880187990001,722
AGC,Allegheny County Airport,40.354400634765625,-79.9301986694336,1252
AGN,Angoon Seaplane Base,57.503601,-134.585007,0
AGS,Augusta Regional At Bush Field,33.36989974975586,-81.9645004272461,144
AHN,Athens Ben Epps Airport,33.94860076904297,-83.32630157470703,808
AHQ,Wahoo Municipal Airport,41.2412986755,-96.59400177,1224
AIA,Alliance Municipal Airport,42.0531997681,-102.804000854,3931
AIK,Aiken Municipal Airport,33.6493988037,-81.68499755859999,528
AIN,Wainwright Airport,70.6380004883,-159.994995117,41
AIZ,Lee C Fine Memorial Airport,38.0960006714,-92.54949951170002,869
AKB,Atka Airport,52.22029877,-174.2059937,57
AKC,Akron Fulton International Airport,41.0374984741,-81.4669036865,1067
AKI,Akiak Airport,60.9029006958,-161.231002808,30
AKK,Akhiok Airport,56.9387016296,-154.182998657,44
AKN,King Salmon Airport,58.67679977,-156.6490021,73
AKO,Colorado Plains Regional Airport,40.1755981445,-103.222000122,4714
AKP,Anaktuvuk Pass Airport,68.13359833,-151.7429962,2102
ALB,Albany International Airport,42.74829864501953,-73.80169677734375,285
ALI,Alice International Airport,27.740900039699998,-98.02690124510002,178
ALM,Alamogordo White Sands Regional Airport,32.8399009705,-105.990997314,4200
ALN,St Louis Regional Airport,38.89030075069999,-90.0459976196,544
ALO,Waterloo Regional Airport,42.557098388671875,-92.400299072265625,873
ALS,San Luis Valley Regional Bergman Field,37.434898,-105.866997,7539
ALW,Walla Walla Regional Airport,46.09489822,-118.288002,1194
ALX,Thomas C Russell Field,32.914699554399995,-85.9629974365,686
AMA,Rick Husband Amarillo International Airport,35.219398498535156,-101.70600128173828,3607
ANB,Anniston Metropolitan Airport,33.58819962,-85.85810089,612
ANC,Ted Stevens Anchorage International Airport,61.174400329589844,-149.99600219726562,152
AND,Anderson Regional Airport,34.4945983887,-82.70939636230001,782
ANI,Aniak Airport,61.581600189208984,-159.54299926757812,88
ANN,Annette Island Airport,55.04240036010742,-131.57200622558594,119
ANP,Lee Airport,38.942902,-76.568398,34
ANQ,Tri State Steuben County Airport,41.639702,-85.083504,995
ANV,Anvik Airport,62.646702,-160.190994,291
AOH,Lima Allen County Airport,40.706902,-84.026703,975
AOO,Altoona Blair County Airport,40.29639816,-78.31999969,1503
APA,Centennial Airport,39.57009888,-104.848999,5885
APC,Napa County Airport,38.2132,-122.280998,35
APF,Naples Municipal Airport,26.1525993347,-81.7752990723,8
APG,Phillips Army Air Field,39.466202,-76.1688,57
APN,Alpena County Regional Airport,45.0780983,-83.56030273,690
AQC,Klawock Seaplane Base,55.5546989440918,-133.1020050048828,0
ARA,Acadiana Regional Airport,30.0378,-91.883904,24
ARB,Ann Arbor Municipal Airport,42.2229995728,-83.74559783939999,839
ARC,Arctic Village Airport,68.1147,-145.578995,2092
ART,Watertown International Airport,43.99190139770508,-76.021697998046875,325
ARV,Lakeland-Noble F. Lee Memorial field,45.92789841,-89.73090363,1629
ASE,Aspen-Pitkin Co/Sardy Field,39.22320175,-106.8690033,7820
ASH,Boire Field,42.7817001343,-71.51480102539999,199
ASN,Talladega Municipal Airport,33.569900512699995,-86.05090332030001,529
AST,Astoria Regional Airport,46.158000946,-123.878997803,15
ATK,Atqasuk Edward Burnell Sr Memorial Airport,70.46730041503906,-157.43600463867188,96
ATL,Hartsfield Jackson Atlanta International Airport,33.63669967651367,-84.4281005859375,1026
ATW,Appleton International Airport,44.258098602299995,-88.5190963745,918
ATY,Watertown Regional Airport,44.91400146,-97.15470123,1749
AUG,Augusta State Airport,44.320598602299995,-69.7973022461,352
AUK,Alakanuk Airport,62.680042266799994,-164.659927368,10
AUO,Auburn Opelika Robert G. Pitts Airport,32.61510086,-85.43399811,777
AUS,Austin Bergstrom International Airport,30.194499969482422,-97.6698989868164,542
AUW,Wausau Downtown Airport,44.9262008667,-89.6266021729,1201
AVL,Asheville Regional Airport,35.43619918823242,-82.54180145263672,2165
AVO,Avon Park Executive Airport,27.59119987,-81.52780151,160
AVP,Wilkes Barre Scranton International Airport,41.338500976599995,-75.72339630130001,962
AVW,Marana Regional Airport,32.4095993042,-111.21800231899999,2031
AVX,Catalina Airport,33.4049,-118.416,1602
AWO,Arlington Municipal Airport,48.16070175,-122.1589966,142
AXN,Chandler Field,45.8662986755,-95.39469909670001,1425
AZA,Phoenix-Mesa-Gateway Airport,33.30780029,-111.6549988,1382
AZO,Kalamazoo Battle Creek International Airport,42.234901428222656,-85.5521011352539,874
BAB,Beale Air Force Base,39.136100769,-121.43699646,113
BAD,Barksdale Air Force Base,32.5018005371,-93.6626968384,166
BAF,Barnes Municipal Airport,42.157799,-72.715599,271
BBD,Curtis Field,31.1793003082,-99.3238983154,1827
BBX,Wings Field,40.1375007629,-75.2650985718,302
BCE,Bryce Canyon Airport,37.706401825,-112.144996643,7590
BCT,Boca Raton Airport,26.3784999847,-80.1076965332,13
BDE,Baudette International Airport,48.7284011841,-94.612197876,1086
BDL,Bradley International Airport,41.9388999939,-72.68319702149999,173
BDR,Igor I Sikorsky Memorial Airport,41.16350173950195,-73.1261978149414,9
BEC,Beech Factory Airport,37.694499969499994,-97.21499633790002,1408
BED,Laurence G Hanscom Field,42.47000122,-71.28900146,133
BET,Bethel Airport,60.77980042,-161.8379974,126
BFD,Bradford Regional Airport,41.8031005859375,-78.64009857177734,2143
BFF,Western Neb. Rgnl/William B. Heilig Airport,41.87400055,-103.5960007,3967
BFI,Boeing Field King County International Airport,47.529998779296875,-122.302001953125,21
BFL,Meadows Field,35.43360138,-119.0569992,510
BFM,Mobile Downtown Airport,30.626800537100003,-88.06809997559999,26
BFP,Beaver County Airport,40.7724990845,-80.39140319820001,1253
BFT,Beaufort County Airport,32.4122009277,-80.6343994141,10
BGE,Decatur County Industrial Air Park,30.9715004,-84.63739777,141
BGM,Greater Binghamton/Edwin A Link field,42.20869827,-75.97979736,1636
BGR,Bangor International Airport,44.80739974975586,-68.8281021118164,192
BHB,Hancock County-Bar Harbor Airport,44.45000076,-68.3615036,83
BHM,Birmingham-Shuttlesworth International Airport,33.56290054,-86.75350189,650
BID,Block Island State Airport,41.1680984497,-71.577796936,108
BIF,Biggs Army Air Field (Fort Bliss),31.84950066,-106.3799973,3946
BIG,Allen Army Airfield,63.9944992065,-145.722000122,1291
BIH,Eastern Sierra Regional Airport,37.3731002808,-118.363998413,4124
BIL,Billings Logan International Airport,45.807701110839844,-108.54299926757812,3652
BIS,Bismarck Municipal Airport,46.772701263427734,-100.74600219726562,1661
BIV,Tulip City Airport,42.742900848389,-86.107398986816,698
BIX,Keesler Air Force Base,30.4104003906,-88.92440032959999,33
BJC,Rocky Mountain Metropolitan Airport,39.90879822,-105.1169968,5673
BJI,Bemidji Regional Airport,47.50939941,-94.93370056,1391
BKC,Buckland Airport,65.9815979004,-161.149002075,31
BKD,Stephens County Airport,32.71900177,-98.89099884030001,1284
BKE,Baker City Municipal Airport,44.837299346900004,-117.808998108,3373
BKF,Buckley Air Force Base,39.701698303200004,-104.751998901,5662
BKH,Barking Sands Airport,22.022800445599998,-159.785003662,23
BKL,Burke Lakefront Airport,41.51750183105469,-81.68329620361328,583
BKW,Raleigh County Memorial Airport,37.787300109899995,-81.1241989136,2504
BLF,Mercer County Airport,37.295799255371094,-81.20770263671875,2857
BLH,Blythe Airport,33.6192016602,-114.717002869,399
BLI,Bellingham International Airport,48.79280090332031,-122.53800201416016,170
BLV,Scott AFB/Midamerica Airport,38.5452,-89.835197,459
BMC,Brigham City Airport,41.5523986816,-112.06199646,4229
BMG,Monroe County Airport,39.145999908447266,-86.61669921875,846
BMI,Central Illinois Regional Airport at Bloomington-Normal,40.47710037,-88.91590118,871
BMT,Beaumont Municipal Airport,30.0706996918,-94.21579742430002,32
BMX,Big Mountain Airport,59.3611984253,-155.259002686,663
BNA,Nashville International Airport,36.1245002746582,-86.6781997680664,599
BNG,Banning Municipal Airport,33.9230995178,-116.850997925,2219
BOI,Boise Air Terminal/Gowen field,43.56439972,-116.2229996,2871
BOS,General Edward Lawrence Logan International Airport,42.36429977,-71.00520325,20
BOW,Bartow Municipal Airport,27.943399429299998,-81.78340148930002,125
BPI,Miley Memorial Field,42.58509827,-110.1110001,6990
BPT,Southeast Texas Regional Airport,29.9507999420166,-94.02069854736328,15
BQK,Brunswick Golden Isles Airport,31.258800506591797,-81.46649932861328,26
BRD,Brainerd Lakes Regional Airport,46.39830017,-94.13809967,1232
BRL,Southeast Iowa Regional Airport,40.783199310302734,-91.12550354003906,698
BRO,Brownsville South Padre Island International Airport,25.90679931640625,-97.4259033203125,22
BRW,Wiley Post Will Rogers Memorial Airport,71.285402,-156.766008,44
BSF,Bradshaw Army Airfield,19.760099411,-155.554000854,6190
BTI,Barter Island LRRS Airport,70.1340026855,-143.582000732,2
BTL,W K Kellogg Airport,42.307300567599995,-85.2515029907,952
BTM,Bert Mooney Airport,45.95479965209961,-112.49700164794922,5550
BTR,"Baton Rouge Metropolitan, Ryan Field",30.53319931,-91.14959717,70
BTT,Bettles Airport,66.91390228,-151.529007,647
BTV,Burlington International Airport,44.471900939899996,-73.15329742429999,335
BUF,Buffalo Niagara International Airport,42.94049835,-78.73220062,728
BUR,Bob Hope Airport,34.20069885253906,-118.35900115966797,778
BUU,Burlington Municipal Airport,42.69070053100586,-88.30460357666016,779
BVY,Beverly Municipal Airport,42.584201812699995,-70.91649627689999,107
BWG,Bowling Green Warren County Regional Airport,36.964500427199994,-86.41970062259999,547
BWI,Baltimore/Washington International Thurgood Marshall Airport,39.17539978,-76.66829681,146
BXK,Buckeye Municipal Airport,33.42039871,-112.685997,1033
BYH,Arkansas International Airport,35.9642982483,-89.94400024410001,254
BYI,Burley Municipal Airport,42.542598724399994,-113.772003174,4150
BYS,Bicycle Lake Army Air Field,35.2804985046,-116.629997253,2350
BYY,Bay City Municipal Airport,28.9733009338,-95.8635025024,45
BZN,Gallatin Field,45.77750015,-111.1529999,4473
C03,Nappanee Municipal Airport,41.44620132446289,-85.93479919433594,860
CAE,Columbia Metropolitan Airport,33.93880081176758,-81.11949920654297,236
CAK,Akron Canton Regional Airport,40.916099548339844,-81.44219970703125,1228
CAR,Caribou Municipal Airport,46.871498107899995,-68.0178985596,626
CBE,Greater Cumberland Regional Airport,39.615398407,-78.7609024048,775
CBF,Council Bluffs Municipal Airport,41.2592010498,-95.760597229,1253
CBM,Columbus Air Force Base,33.6437988281,-88.44380187990001,219
CCB,Cable Airport,34.1115989685,-117.68800354,1444
CCO,Newnan Coweta County Airport,33.31159973144531,-84.7697982788086,970
CCR,Buchanan Field,37.9897003174,-122.056999207,26
CCY,Northeast Iowa Regional Airport,43.0726013184,-92.6108016968,1125
CDB,Cold Bay Airport,55.20610046386719,-162.72500610351562,96
CDC,Cedar City Regional Airport,37.70100021362305,-113.0989990234375,5622
CDN,Woodward Field,34.2835998535,-80.56490325930001,302
CDR,Chadron Municipal Airport,42.837600708,-103.095001221,3297
CDS,Childress Municipal Airport,34.4337997437,-100.288002014,1954
CDV,Merle K (Mudhole) Smith Airport,60.4917984,-145.4779968,54
CDW,Essex County Airport,40.875198364300005,-74.2814025879,173
CEC,Jack Mc Namara Field Airport,41.78020096,-124.2369995,61
CEF,Westover ARB/Metropolitan Airport,42.19400024,-72.53479767,241
CEM,Central Airport,65.57379913,-144.7830048,937
CEU,Oconee County Regional Airport,34.6719017,-82.8864975,892
CEW,Bob Sikes Airport,30.778799057,-86.522102356,213
CEZ,Cortez Municipal Airport,37.3030014038,-108.627998352,5918
CFD,Coulter Field,30.715700149499998,-96.3313980103,367
CFV,Coffeyville Municipal Airport,37.09400177,-95.5718994141,754
CGC,Crystal River Airport,28.867300033569336,-82.57129669189453,9
CGF,Cuyahoga County Airport,41.5651016235,-81.4863967896,879
CGI,Cape Girardeau Regional Airport,37.22529983520508,-89.57080078125,342
CGX,Chicago Meigs Airport,41.85879898071289,-87.60790252685547,593
CGZ,Casa Grande Municipal Airport,32.954899,-111.766998,1464
CHA,Lovell Field,35.035301208496094,-85.20379638671875,683
CHO,Charlottesville Albemarle Airport,38.13859939575195,-78.4529037475586,639
CHS,Charleston Air Force Base-International Airport,32.89860153,-80.04049683,46
CIC,Chico Municipal Airport,39.79539871,-121.8580017,240
CID,The Eastern Iowa Airport,41.884700775146484,-91.71080017089844,869
CIK,Chalkyitsik Airport,66.6449966431,-143.740005493,544
CIU,Chippewa County International Airport,46.25080108642578,-84.47239685058594,800
CKB,North Central West Virginia Airport,39.2966003418,-80.2281036377,1217
CKF,Crisp County Cordele Airport,31.98880005,-83.77390289,310
CKV,Clarksville–Montgomery County Regional Airport,36.6218986511,-87.4150009155,550
CLD,Mc Clellan-Palomar Airport,33.12829971,-117.2799988,331
CLE,Cleveland Hopkins International Airport,41.4117012024,-81.8498001099,791
CLL,Easterwood Field,30.58860016,-96.36380005,320
CLM,William R Fairchild International Airport,48.120201110839844,-123.5,291
CLS,Chehalis Centralia Airport,46.676998138399995,-122.983001709,176
CLT,Charlotte Douglas International Airport,35.2140007019043,-80.94309997558594,748
CLU,Columbus Municipal Airport,39.2619018555,-85.8963012695,656
CLW,Clearwater Air Park,27.9766998291,-82.7586975098,71
CMH,Port Columbus International Airport,39.99800109863281,-82.89189910888672,815
CMI,University of Illinois Willard Airport,40.03919983,-88.27809906,755
CMX,Houghton County Memorial Airport,47.168399810791016,-88.48909759521484,1095
CNM,Cavern City Air Terminal,32.337501525878906,-104.26300048828125,3295
CNO,Chino Airport,33.97470093,-117.637001,650
CNU,Chanute Martin Johnson Airport,37.668800354,-95.4850997925,1002
CNW,TSTC Waco Airport,31.637800216699997,-97.0740966797,470
CNY,Canyonlands Field,38.75500107,-109.7549973,4557
COD,Yellowstone Regional Airport,44.520198822,-109.024002075,5102
COE,Coeur D'Alene - Pappy Boyington Field,47.77429962,-116.8199997,2320
COF,Patrick Air Force Base,28.2348995209,-80.6100997925,8
CON,Concord Municipal Airport,43.20270157,-71.50229645,342
COS,City of Colorado Springs Municipal Airport,38.805801391602,-104.70099639893,6187
COT,Cotulla-La Salle County Airport,28.45669937,-99.22029877,474
COU,Columbia Regional Airport,38.81809997558594,-92.21959686279297,889
CPR,Casper-Natrona County International Airport,42.90800095,-106.4639969,5350
CQW,Cheraw Municipal Airport/Lynch Bellinger Field,34.71289825,-79.95700073,239
CRE,Grand Strand Airport,33.8116989136,-78.72389984130001,32
CRG,Jacksonville Executive at Craig Airport,30.3362998962,-81.51439666750001,41
CRP,Corpus Christi International Airport,27.77039909362793,-97.5011978149414,44
CRW,Yeager Airport,38.37310028076172,-81.59320068359375,981
CSG,Columbus Metropolitan Airport,32.516300201416016,-84.93890380859375,397
CSV,Crossville Memorial Whitson Field,35.9513015747,-85.08499908450001,1881
CTB,Cut Bank International Airport,48.6083984375,-112.375999451,3854
CTH,Chester County G O Carlson Airport,39.97900009,-75.8655014,660
CTJ,West Georgia Regional O V Gray Field,33.63100051879883,-85.1520004272461,1161
CTY,Cross City Airport,29.6354999542,-83.10479736330001,42
CUB,Jim Hamilton L.B. Owens Airport,33.970500946,-80.9952011108,193
CVG,Cincinnati Northern Kentucky International Airport,39.0488014221,-84.6678009033,896
CVN,Clovis Municipal Airport,34.4250984192,-103.07900238,4216
CVO,Corvallis Municipal Airport,44.49720001,-123.2900009,250
CVS,Cannon Air Force Base,34.3828010559,-103.321998596,4295
CVX,Charlevoix Municipal Airport,45.3047981262207,-85.2748031616211,669
CWA,Central Wisconsin Airport,44.7775993347,-89.6668014526,1277
CWI,Clinton Municipal Airport,41.8311004639,-90.3291015625,708
CWT,Cowra Airport,-33.84469985961914,148.6490020751953,966
CXL,Calexico International Airport,32.6694984436,-115.513000488,4
CXO,Lone Star Executive Airport,30.3518009186,-95.4144973755,245
CXY,Capital City Airport,40.2170982361,-76.85150146480001,347
CYF,Chefornak Airport,60.1492004395,-164.285995483,40
CYS,Cheyenne Regional Jerry Olson Field,41.15570068,-104.8119965,6159
CYT,Yakataga Airport,60.082000732400004,-142.492996216,12
CZF,Cape Romanzof LRRS Airport,61.78030014,-166.0390015,464
CZG,Tri Cities Airport,42.078499,-76.096296,833
DAA,Davison Army Air Field,38.715000152600005,-77.1809997559,73
DAB,Daytona Beach International Airport,29.179899,-81.058098,34
DAG,Barstow Daggett Airport,34.85369873,-116.7870026,1930
DAL,Dallas Love Field,32.84709930419922,-96.85179901123047,487
DAN,Danville Regional Airport,36.572898864746094,-79.33609771728516,571
DAW,Skyhaven Airport,43.28409957885742,-70.9292984008789,322
DAY,James M Cox Dayton International Airport,39.902400970458984,-84.21939849853516,1009
DBN,W H 'Bud' Barron Airport,32.56439972,-82.98529816,309
DBQ,Dubuque Regional Airport,42.40200043,-90.70950317,1077
DCA,Ronald Reagan Washington National Airport,38.8521,-77.037697,15
DDC,Dodge City Regional Airport,37.76340103149414,-99.9655990600586,2594
DEC,Decatur Airport,39.834598541259766,-88.8656997680664,682
DEN,Denver International Airport,39.861698150635,-104.672996521,5431
DET,Coleman A. Young Municipal Airport,42.40919876,-83.00990295,626
DFW,Dallas Fort Worth International Airport,32.89680099487305,-97.03800201416016,607
DGL,Douglas Municipal Airport,31.3425998688,-109.505996704,4173
DHN,Dothan Regional Airport,31.321300506591797,-85.44960021972656,401
DHT,Dalhart Municipal Airport,36.0225982666,-102.54699707,3991
DIK,Dickinson Theodore Roosevelt Regional Airport,46.7974014282,-102.802001953,2592
DKK,Chautauqua County-Dunkirk Airport,42.49330139,-79.27200317,693
DKX,Knoxville Downtown Island Airport,35.96390151977539,-83.8739013671875,833
DLF,Laughlin Air Force Base,29.359500885,-100.777999878,1082
DLG,Dillingham Airport,59.04470062,-158.5050049,81
DLH,Duluth International Airport,46.8420982361,-92.19360351559999,1428
DLL,Baraboo Wisconsin Dells Airport,43.52270126,-89.77020264,979
DMA,Davis Monthan Air Force Base,32.1665000916,-110.883003235,2704
DMN,Deming Municipal Airport,32.262298584,-107.721000671,4314
DNL,Daniel Field,33.4664993286,-82.0393981934,423
DNN,Dalton Municipal Airport,34.72290039,-84.87020111,709
DNV,Vermilion Regional Airport,40.19919968,-87.59590149,697
DOV,Dover Air Force Base,39.12950134,-75.46600342,24
DPA,Dupage Airport,41.90779877,-88.24859619,759
DQH,Douglas Municipal Airport,31.476699829101562,-82.8604965209961,257
DRA,Desert Rock Airport,36.6194,-116.032997,3314
DRG,Deering Airport,66.0696029663,-162.76600647,21
DRI,Beauregard Regional Airport,30.8316993713,-93.33989715579999,202
DRM,Drummond Island Airport,46.0093002319,-83.74389648440001,668
DRO,Durango La Plata County Airport,37.1515007019,-107.753997803,6685
DRT,Del Rio International Airport,29.3742008209,-100.927001953,1002
DSM,Des Moines International Airport,41.534000396728516,-93.66310119628906,958
DTA,Delta Municipal Airport,39.3805999756,-112.508003235,4759
DTS,Destin Executive Airport,30.40010071,-86.47149658,23
DTW,Detroit Metropolitan Wayne County Airport,42.212398529052734,-83.35340118408203,645
DUC,Halliburton Field,34.47090149,-97.9598999,1114
DUG,Bisbee Douglas International Airport,31.4689998627,-109.603996277,4154
DUJ,DuBois Regional Airport,41.17829895,-78.8986969,1817
DUT,Unalaska Airport,53.900100708,-166.544006348,22
DVL,Devils Lake Regional Airport,48.11420059,-98.90879822,1456
DVT,Phoenix Deer Valley Airport,33.6883010864,-112.083000183,1478
DWA,Yolo County Davis Woodland Winters Airport,38.57910156,-121.8570023,100
DWH,David Wayne Hooks Memorial Airport,30.0618000031,-95.55280303960001,152
DXR,Danbury Municipal Airport,41.371498107899995,-73.48220062259999,458
DYL,Doylestown Airport,40.3330001831,-75.1222991943,394
DYS,Dyess Air Force Base,32.4207992554,-99.854598999,1789
E25,Wickenburg Municipal Airport,33.96889877,-112.7990036,2377
E38,Alpine Casparis Municipal Airport,30.384199142499998,-103.683998108,4515
E63,Gila Bend Municipal Airport,32.95809937,-112.6780014,789
EAA,Eagle Airport,64.77639771,-141.151001,908
EAT,Pangborn Memorial Airport,47.3988990784,-120.207000732,1249
EAU,Chippewa Valley Regional Airport,44.86579895019531,-91.48429870605469,913
ECA,Iosco County Airport,44.312801,-83.422302,606
ECP,Northwest Florida Beaches International Airport,30.357106,-85.795414,69
EDF,Elmendorf Air Force Base,61.250999450683594,-149.8070068359375,212
EDN,Enterprise Municipal Airport,31.29969978,-85.89990234,361
EDW,Edwards Air Force Base,34.905399,-117.884003,2312
EED,Needles Airport,34.7663002014,-114.623001099,983
EEK,Eek Airport,60.21367264,-162.0438843,12
EEN,Dillant Hopkins Airport,42.898399353027344,-72.27079772949219,488
EET,Shelby County Airport,33.17699814,-86.78279877,586
EFD,Ellington Airport,29.607299804700002,-95.1587982178,32
EGE,Eagle County Regional Airport,39.64260101,-106.9179993,6548
EGI,Duke Field,30.65040016,-86.52290344,191
EGT,Wellington Municipal Airport,37.32360076904297,-97.38829803466797,1277
EGV,Eagle River Union Airport,45.932300567599995,-89.26830291750001,1642
EGX,Egegik Airport,58.1855010986,-157.375,92
EHA,Elkhart Morton County Airport,37.000702,-101.879997,3622
EHM,Cape Newenham LRRS Airport,58.646400451699996,-162.06300354,541
EIL,Eielson Air Force Base,64.66570282,-147.102005,547
EKA,Murray Field,40.803398132299996,-124.112998962,7
EKI,Elkhart Municipal Airport,41.7193984985,-86.00319671630001,778
EKN,Elkins-Randolph Co-Jennings Randolph Field,38.88940048,-79.85710144,1987
EKO,Elko Regional Airport,40.82490158081055,-115.79199981689453,5140
EKY,Bessemer Airport,33.31290054,-86.92590332,700
ELD,South Arkansas Regional At Goodwin Field,33.22100067138672,-92.81330108642578,277
ELI,Elim Airport,64.61470032,-162.2720032,162
ELM,Elmira Corning Regional Airport,42.1599006652832,-76.8916015625,954
ELP,El Paso International Airport,31.80719948,-106.3779984,3959
ELV,Elfin Cove Seaplane Base,58.195201873799995,-136.347000122,0
ELY,Ely Airport Yelland Field,39.29970169,-114.8420029,6259
EMK,Emmonak Airport,62.78609848,-164.4909973,13
EMT,El Monte Airport,34.086101532,-118.035003662,296
EMV,Emporia Greensville Regional Airport,36.6869010925293,-77.48280334472656,127
ENA,Kenai Municipal Airport,60.57310104370117,-151.2449951171875,99
END,Vance Air Force Base,36.339199066199996,-97.9164962769,1307
ENN,Nenana Municipal Airport,64.54730224609375,-149.07400512695312,362
ENV,Wendover Airport,40.7187004089,-114.03099823,4237
ENW,Kenosha Regional Airport,42.59569931,-87.92780304,742
EOK,Keokuk Municipal Airport,40.459899902299995,-91.4284973145,671
EPM,Eastport Municipal Airport,44.910099029541016,-67.01270294189453,45
ERI,Erie International Tom Ridge Field,42.0831270134,-80.1738667488,732
ERV,Kerrville Municipal Louis Schreiner Field,29.9766998291,-99.08570098879999,1617
ERY,Luce County Airport,46.31119918823242,-85.4572982788086,869
ESC,Delta County Airport,45.7226982117,-87.0936965942,609
ESD,Orcas Island Airport,48.7081985474,-122.910003662,31
ESF,Esler Regional Airport,31.3948993683,-92.2957992554,112
ESN,Easton Newnam Field,38.8041992188,-76.06900024410001,72
EUF,Weedon Field,31.9512996674,-85.1288986206,285
EUG,Mahlon Sweet Field,44.12459945678711,-123.21199798583984,374
EVV,Evansville Regional Airport,38.0369987488,-87.5324020386,418
EVW,Evanston-Uinta County Airport-Burns Field,41.27479935,-111.0350037,7143
EWB,New Bedford Regional Airport,41.67610168457031,-70.95690155029297,80
EWK,Newton City-County Airport,38.058200836199994,-97.2744979858,1533
EWN,Coastal Carolina Regional Airport,35.0730018616,-77.04290008539999,18
EWR,Newark Liberty International Airport,40.692501068115234,-74.168701171875,18
EYW,Key West International Airport,24.556100845336914,-81.75959777832031,3
FAF,Felker Army Air Field,37.132499694799996,-76.60880279540001,12
FAI,Fairbanks International Airport,64.81510162,-147.8560028,439
FAR,Hector International Airport,46.92070007324219,-96.81580352783203,902
FAT,Fresno Yosemite International Airport,36.77619934082031,-119.71800231933594,336
FAY,Fayetteville Regional Grannis Field,34.9911994934082,-78.88030242919922,189
FBG,Simmons Army Air Field,35.13180161,-78.93669891,244
FBK,Ladd AAF Airfield,64.83750153,-147.6139984,454
FBR,Fort Bridger Airport,41.3918991089,-110.40699768100001,7034
FCA,Glacier Park International Airport,48.31050109863281,-114.25599670410156,2977
FCI,Chesterfield County Airport,37.40650177,-77.52500153,236
FCM,Flying Cloud Airport,44.8272018433,-93.45709991460001,906
FCS,Butts AAF (Fort Carson) Air Field,38.67839813,-104.7570038,5838
FDW,Fairfield County Airport,34.31549835205078,-81.10880279541016,577
FDY,Findlay Airport,41.013500213600004,-83.66870117190001,813
FET,Fremont Municipal Airport,41.44910049,-96.52020264,1204
FFA,First Flight Airport,36.0181999207,-75.67130279540001,13
FFC,Peachtree City Falcon Field,33.3572998046875,-84.5718002319336,808
FFO,Wright-Patterson Air Force Base,39.8260993958,-84.0483016968,823
FFT,Capital City Airport,38.18249893,-84.90470123,806
FFZ,Falcon Field,33.4608001709,-111.727996826,1394
FHU,Sierra Vista Municipal Libby Army Air Field,31.588499069213867,-110.34400177001953,4719
FIT,Fitchburg Municipal Airport,42.554100036621094,-71.759002685546875,348
FKL,Venango Regional Airport,41.3778991699,-79.8603973389,1540
FLD,Fond du Lac County Airport,43.7711982727,-88.48840332030001,808
FLG,Flagstaff Pulliam Airport,35.13850021,-111.6709976,7014
FLL,Fort Lauderdale Hollywood International Airport,26.072599411010742,-80.15270233154297,9
FLO,Florence Regional Airport,34.18539810180664,-79.7238998413086,146
FLV,Sherman Army Air Field,39.3683013916,-94.9147033691,772
FME,Tipton Airport,39.08539962769999,-76.7593994141,150
FMN,Four Corners Regional Airport,36.741199493399996,-108.230003357,5506
FMY,Page Field,26.58659935,-81.86329650879999,17
FNL,Fort Collins Loveland Municipal Airport,40.4518013,-105.011001587,5016
FNR,Funter Bay Seaplane Base,58.2543983459,-134.897994995,0
FNT,Bishop International Airport,42.96540069580078,-83.74359893798828,782
FOD,Fort Dodge Regional Airport,42.55149841,-94.19259644,1156
FOE,Topeka Regional Airport - Forbes Field,38.950901031499995,-95.66359710690001,1078
FOK,Francis S Gabreski Airport,40.8437004089,-72.6317977905,67
FRD,Friday Harbor Airport,48.5219993591,-123.024002075,113
FRI,Marshall Army Air Field,39.05530167,-96.76450348,1065
FRN,Bryant Army Heliport,61.26639938,-149.6529999,378
FRP,St Lucie County International Airport,27.49510002,-80.36830139,24
FSD,Joe Foss Field Airport,43.582000732400004,-96.741897583,1429
FSI,Henry Post Army Air Field (Fort Sill),34.64979935,-98.40219879,1189
FSM,Fort Smith Regional Airport,35.33660125732422,-94.367401123046875,469
FST,Fort Stockton Pecos County Airport,30.9157009125,-102.916000366,3011
FTG,Front Range Airport,39.785301208496094,-104.54299926757812,5512
FTK,Godman Army Air Field,37.907100677500004,-85.9720993042,756
FTW,Fort Worth Meacham International Airport,32.8198013306,-97.36239624019998,710
FTY,Fulton County Airport Brown Field,33.7790985107,-84.5214004517,841
FUL,Fullerton Municipal Airport,33.8720016479,-117.980003357,96
FWA,Fort Wayne International Airport,40.97850037,-85.19509888,814
FXE,Fort Lauderdale Executive Airport,26.1972999573,-80.1707000732,13
FYU,Fort Yukon Airport,66.571502685546875,-145.25,433
FYV,Drake Field,36.00510025024414,-94.17009735107422,1251
FZG,Fitzgerald Municipal Airport,31.683700561523438,-83.27050018310547,365
FZI,Fostoria Metropolitan Airport,41.19079971,-83.39450073,752
GAD,Northeast Alabama Regional Airport,33.972599,-86.088996,569
GAI,Montgomery County Airpark,39.168300628699996,-77.1660003662,539
GAL,Edward G. Pitka Sr Airport,64.73619843,-156.9369965,153
GAM,Gambell Airport,63.76679992675781,-171.73300170898438,27
GBG,Galesburg Municipal Airport,40.937999725299996,-90.431098938,764
GBN,Great Bend Municipal Airport,38.3442993164,-98.8591995239,1887
GCC,Gillette Campbell County Airport,44.348899841299996,-105.539001465,4365
GCK,Garden City Regional Airport,37.9275016785,-100.723999023,2891
GCN,Grand Canyon National Park Airport,35.95240020751953,-112.14700317382812,6609
GDV,Dawson Community Airport,47.13869858,-104.8069992,2458
GDW,Gladwin Zettel Memorial Airport,43.9706001282,-84.47499847410002,776
GED,Sussex County Airport,38.68920135,-75.35890198,53
GEG,Spokane International Airport,47.61989974975586,-117.53399658203125,2376
GEU,Glendale Municipal Airport,33.52690124511719,-112.29499816894531,1071
GFK,Grand Forks International Airport,47.949299,-97.176102,845
GFL,Floyd Bennett Memorial Airport,43.3412017822,-73.6102981567,328
GGE,Georgetown County Airport,33.3116989136,-79.3196029663,39
GGG,East Texas Regional Airport,32.38399887084961,-94.71150207519531,365
GGW,Wokal Field Glasgow International Airport,48.212501525878906,-106.61499786376953,2296
GHG,Marshfield Municipal George Harlow Field,42.09830093383789,-70.67220306396484,11
GIF,Winter Haven Municipal Airport - Gilbert Field,28.06290054,-81.75330353,145
GJT,Grand Junction Regional Airport,39.1223983765,-108.527000427,4858
GKN,Gulkana Airport,62.1548996,-145.4570007,1586
GKY,Arlington Municipal Airport,32.66389846801758,-97.09429931640625,628
GLD,Renner Field-Goodland Municipal Airport,39.37060165,-101.6989975,3656
GLH,Mid Delta Regional Airport,33.4828987121582,-90.98560333251953,131
GLS,Scholes International At Galveston Airport,29.265300750732422,-94.86039733886719,6
GLV,Golovin Airport,64.5504989624,-163.007003784,59
GMJ,Grove Municipal Airport,36.60680008,-94.73860168,831
GMU,Greenville Downtown Airport,34.847900390599996,-82.34999847410002,1048
GNT,Grants-Milan Municipal Airport,35.167301178,-107.902000427,6537
GNV,Gainesville Regional Airport,29.6900997162,-82.2717971802,152
GON,Groton New London Airport,41.330101013183594,-72.04509735107422,9
GPT,Gulfport Biloxi International Airport,30.40730094909668,-89.070098876953125,28
GPZ,Grand Rapids Itasca Co-Gordon Newstrom field,47.21110153,-93.50980377,1355
GQQ,Galion Municipal Airport,40.7533988953,-82.7238006592,1224
GRB,Austin Straubel International Airport,44.48509979248047,-88.12960052490234,695
GRF,Gray Army Air Field,47.07920074,-122.5810013,300
GRI,Central Nebraska Regional Airport,40.967498779296875,-98.309600830078125,1847
GRK,Robert Gray  Army Air Field Airport,31.067199707,-97.82890319820001,1015
GRM,Grand Marais Cook County Airport,47.8382987976,-90.38289642330001,1799
GRR,Gerald R. Ford International Airport,42.88079834,-85.52279663,794
GSB,Seymour Johnson Air Force Base,35.33940125,-77.96060181,109
GSO,Piedmont Triad International Airport,36.097801208496094,-79.93730163574219,925
GSP,Greenville Spartanburg International Airport,34.8956985474,-82.2189025879,964
GST,Gustavus Airport,58.4253006,-135.7070007,35
GTB,Wheeler Sack Army Air Field,44.05559921,-75.71949768,688
GTF,Great Falls International Airport,47.48199844,-111.3710022,3680
GTR,Golden Triangle Regional Airport,33.450298309299995,-88.5914001465,264
GTU,Georgetown Municipal Airport,30.678800582885742,-97.67939758300781,790
GUC,Gunnison Crested Butte Regional Airport,38.53390121,-106.9329987,7680
GUP,Gallup Municipal Airport,35.511100769,-108.789001465,6472
GUS,Grissom Air Reserve Base,40.648101806599996,-86.1520996094,812
GUY,Guymon Municipal Airport,36.6851005554,-101.508003235,3123
GVL,Lee Gilmer Memorial Airport,34.27259827,-83.8302002,1276
GVQ,Genesee County Airport,43.03170013,-78.16760254,914
GVT,Majors Airport,33.0677986145,-96.0652999878,535
GWO,Greenwood–Leflore Airport,33.4943008423,-90.0847015381,162
GXY,Greeley–Weld County Airport,40.4374008179,-104.633003235,4697
GYH,Donaldson Center Airport,34.7583007812,-82.3764038086,955
GYY,Gary Chicago International Airport,41.61629867553711,-87.41280364990234,591
HAF,Half Moon Bay Airport,37.513401031499995,-122.500999451,66
HBG,Hattiesburg Bobby L Chain Municipal Airport,31.26479912,-89.25279999,151
HBI,Asheboro Regional Airport,35.65449905,-79.8946991,671
HBR,Hobart Regional Airport,34.991317,-99.051313,1563
HCR,Holy Cross Airport,62.18830108642578,-159.77499389648438,70
HDE,Brewster Field,40.452099,-99.336502,2313
HDH,Dillingham Airfield,21.5795001984,-158.197006226,14
HDI,Hardwick Field,35.22010040283203,-84.8323974609375,874
HDN,Yampa Valley Airport,40.48120117,-107.2180023,6606
HDO,South Texas Regional Airport at Hondo,29.35950088501,-99.176696777344,930
HFD,Hartford Brainard Airport,41.736698150635,-72.649398803711,18
HGR,Hagerstown Regional Richard A Henson Field,39.707901,-77.72949982,703
HHH,Hilton Head Airport,32.2243995667,-80.6975021362,19
HHI,Wheeler Army Airfield,21.48349953,-158.0399933,837
HHR,Jack Northrop Field Hawthorne Municipal Airport,33.922798,-118.334999,66
HIB,Range Regional Airport,47.38660049,-92.83899689,1354
HIF,Hill Air Force Base,41.12403,-111.973086,4789
HII,Lake Havasu City Airport,34.571098,-114.358002,783
HIO,Portland Hillsboro Airport,45.540401,-122.949997,208
HKB,Healy River Airport,63.8661994934082,-148.968994140625,1263
HKY,Hickory Regional Airport,35.74110031,-81.38950348,1190
HLG,Wheeling Ohio County Airport,40.1749992371,-80.6463012695,1195
HLN,Helena Regional Airport,46.6068000793457,-111.98300170898438,3877
HLR,Hood Army Air Field,31.138700485199998,-97.71450042720001,924
HMN,Holloman Air Force Base,32.8525009155,-106.107002258,4093
HNH,Hoonah Airport,58.0961,-135.410111,19
HNL,Honolulu International Airport,21.318700790405273,-157.9219970703125,13
HNM,Hana Airport,20.79560089111328,-156.01400756835938,78
HNS,Haines Airport,59.24380111694336,-135.5240020751953,15
HNZ,Henderson Oxford Airport,36.36159897,-78.52919769,526
HOB,Lea County Regional Airport,32.6875,-103.2170029,3661
HOM,Homer Airport,59.645599365234375,-151.4770050048828,84
HON,Huron Regional Airport,44.38520050048828,-98.22850036621094,1289
HOP,Campbell AAF (Fort Campbell) Air Field,36.668598175,-87.49620056150002,573
HOT,Memorial Field,34.47800064086914,-93.09619903564453,540
HOU,William P Hobby Airport,29.64539909,-95.27890015,46
HPB,Hooper Bay Airport,61.52389908,-166.1470032,13
HPN,Westchester County Airport,41.06700134277344,-73.70760345458984,439
HQM,Bowerman Airport,46.971199035599994,-123.93699646,18
HQU,Thomson-McDuffie County Airport,33.52970123,-82.51650238,501
HRL,Valley International Airport,26.228500366210938,-97.65440368652344,36
HRO,Boone County Airport,36.26150131225586,-93.15470123291016,1365
HSH,Henderson Executive Airport,35.9728012085,-115.134002686,2492
HSL,Huslia Airport,65.69789886,-156.3509979,220
HST,Homestead ARB Airport,25.48859978,-80.38359833,5
HSV,Huntsville International Carl T Jones Field,34.637199401855,-86.775100708008,629
HTL,Roscommon County - Blodgett Memorial Airport,44.359798,-84.671095,1150
HTS,Tri-State/Milton J. Ferguson Field,38.36669922,-82.55799866,828
HTV,Huntsville Regional Airport,30.7469005585,-95.5871963501,363
HUA,Redstone Army Air Field,34.67869949,-86.68479919,684
HUF,Terre Haute International Hulman Field,39.451499938964844,-87.30760192871094,589
HUL,Houlton International Airport,46.1231002808,-67.792098999,489
HUS,Hughes Airport,66.04109955,-154.2630005,299
HUT,Hutchinson Municipal Airport,38.0654983521,-97.86060333250002,1543
HVN,Tweed New Haven Airport,41.26369858,-72.88680267,12
HVR,Havre City County Airport,48.54299927,-109.762001,2591
HVS,Hartsville Regional Airport,34.4030990601,-80.11920166019999,364
HWD,Hayward Executive Airport,37.659198761,-122.122001648,52
HWO,North Perry Airport,26.001199722299997,-80.24069976810001,8
HYA,Barnstable Municipal Boardman Polando Field,41.66930008,-70.28040314,54
HYG,Hydaburg Seaplane Base,55.206298828125,-132.8280029296875,0
HYI,San Marcos Municipal Airport,29.8927001953125,-97.86299896240234,597
HYR,Sawyer County Airport,46.025199890100005,-91.44429779050002,1216
HYS,Hays Regional Airport,38.84220123,-99.27320099,1999
HYW,Conway Horry County Airport,33.82849884,-79.12220001,35
HZL,Hazleton Municipal Airport,40.986801147499996,-75.9949035645,1603
I16,Kee Field,37.600399017333984,-81.5593032836914,1783
IAB,Mc Connell Air Force Base,37.62189865,-97.26820374,1371
IAD,Washington Dulles International Airport,38.94449997,-77.45580292,312
IAG,Niagara Falls International Airport,43.1072998046875,-78.946197509765625,589
IAH,George Bush Intercontinental Houston Airport,29.984399795532227,-95.341400146484375,97
IAN,Bob Baker Memorial Airport,66.9759979248,-160.43699646,166
ICT,Wichita Mid Continent Airport,37.649898529052734,-97.43309783935547,1333
IDA,Idaho Falls Regional Airport,43.51459884643555,-112.07099914550781,4744
IDL,Indianola Municipal Airport,33.485699,-90.678902,126
IDP,Independence Municipal Airport,37.1584014893,-95.77839660640001,825
IGG,Igiugig Airport,59.32400131225586,-155.90199279785156,90
IGQ,Lansing Municipal Airport,41.5349006652832,-87.52950286865234,620
IGX,Horace Williams Airport,35.935001,-79.065902,512
IJD,Windham Airport,41.74399948120117,-72.1802978515625,247
IKK,Greater Kankakee Airport,41.07139968869999,-87.8462982178,630
IKV,Ankeny Regional Airport,41.69139862060547,-93.56639862060547,910
ILG,New Castle Airport,39.67869949,-75.60649872,80
ILI,Iliamna Airport,59.75439835,-154.9109955,192
ILM,Wilmington International Airport,34.270599365234375,-77.90260314941406,32
ILN,Wilmington Airpark,39.427898407,-83.792098999,1077
IMM,Immokalee Regional Airport,26.43320084,-81.40100098,37
IMT,Ford Airport,45.8184013367,-88.1145019531,1182
IND,Indianapolis International Airport,39.7173,-86.294403,797
INJ,Hillsboro Municipal Airport,32.08349991,-97.09719849,686
INK,Winkler County Airport,31.779600143399996,-103.200996399,2822
INL,Falls International Airport,48.566200256347656,-93.4030990600586,1185
INS,Creech Air Force Base,36.587200164799995,-115.672996521,3133
INT,Smith Reynolds Airport,36.13370132446289,-80.22200012207031,969
INW,Winslow Lindbergh Regional Airport,35.021900177,-110.722999573,4941
IOB,Mount Sterling Montgomery County Airport,38.05810165,-83.979599,1019
IOW,Iowa City Municipal Airport,41.639198303200004,-91.5465011597,668
IPL,Imperial County Airport,32.834201812699995,-115.57900238,-54
IPT,Williamsport Regional Airport,41.241798400878906,-76.92109680175781,529
IRC,Circle City /New/ Airport,65.830498,-144.076008,613
IRK,Kirksville Regional Airport,40.09349822998047,-92.5448989868164,966
ISM,Kissimmee Gateway Airport,28.2898006439,-81.4371032715,82
ISN,Sloulin Field International Airport,48.177898407,-103.641998291,1982
ISO,Kinston Regional Jetport At Stallings Field,35.331401825,-77.60880279540001,93
ISP,Long Island Mac Arthur Airport,40.79520035,-73.10019684,99
ISW,Alexander Field South Wood County Airport,44.3602981567,-89.83899688720001,1021
ITH,Ithaca Tompkins Regional Airport,42.49100112915039,-76.4583969116211,1099
ITO,Hilo International Airport,19.721399307250977,-155.04800415039062,38
IWS,West Houston Airport,29.818199157699997,-95.67259979250001,111
IYK,Inyokern Airport,35.65879822,-117.8300018,2457
IZG,Eastern Slopes Regional Airport,43.991100311299995,-70.9478988647,454
JAC,Jackson Hole Airport,43.6072998046875,-110.73799896240234,6451
JAN,Jackson-Medgar Wiley Evers International Airport,32.3111991882,-90.0758972168,346
JAS,Jasper County Airport-Bell Field,30.88570023,-94.03489685,213
JAX,Jacksonville International Airport,30.49410057067871,-81.687896728515625,30
JBR,Jonesboro Municipal Airport,35.83169937133789,-90.64640045166016,262
JCI,New Century Aircenter Airport,38.8308982849,-94.890296936,1087
JCT,Kimble County Airport,30.5112991333,-99.7634963989,1749
JEF,Jefferson City Memorial Airport,38.5912017822,-92.15609741210001,549
JES,Jesup Wayne County Airport,31.55400085,-81.88249969,107
JFK,John F Kennedy International Airport,40.63980103,-73.77890015,13
JGG,Williamsburg Jamestown Airport,37.239200592041016,-76.71610260009766,49
JHM,Kapalua Airport,20.962900161743164,-156.67300415039062,256
JHW,Chautauqua County-Jamestown Airport,42.15340042,-79.25800323,1723
JKA,Jack Edwards Airport,30.29050064,-87.67179871,17
JLN,Joplin Regional Airport,37.151798248291016,-94.49829864501953,981
JMS,Jamestown Regional Airport,46.92969894,-98.67819977,1500
JNU,Juneau International Airport,58.35499954223633,-134.5760040283203,21
JOT,Joliet Regional Airport,41.51779938,-88.17549896,582
JST,John Murtha Johnstown Cambria County Airport,40.31610107421875,-78.83390045166016,2284
JSV,Sallisaw Municipal Airport,35.4382019,-94.80280304,527
JVL,Southern Wisconsin Regional Airport,42.620300293,-89.0416030884,808
JXN,Jackson County Reynolds Field,42.259799957300004,-84.45939636230001,1001
JYL,Plantation Airpark,32.645301818847656,-81.59709930419922,188
JYO,Leesburg Executive Airport,39.077999114990234,-77.55750274658203,389
JZI,Charleston Executive Airport,32.70090103149414,-80.002899169921875,17
JZP,Pickens County Airport,34.453399658203125,-84.4573974609375,1535
K83,Sabetha Municipal Airport,39.90420150756836,-95.77940368652344,1330
KAL,Kaltag Airport,64.31909943,-158.7409973,181
KFP,False Pass Airport,54.8474006652832,-163.41000366210938,20
KGK,Koliganek Airport,59.726600647,-157.259002686,269
KKA,Koyuk Alfred Adams Airport,64.9394989014,-161.154006958,154
KKH,Kongiganak Airport,59.960800170899994,-162.880996704,30
KLG,Kalskag Airport,61.53630065917969,-160.34100341796875,55
KLN,Larsen Bay Airport,57.5350990295,-153.977996826,87
KLS,Southwest Washington Regional Airport,46.11800003049999,-122.898002625,20
KLW,Klawock Airport,55.579200744599994,-133.076004028,80
KMO,Manokotak Airport,58.990200042699996,-159.050003052,100
KNW,New Stuyahok Airport,59.4499015808,-157.32800293,364
KOA,Kona International At Keahole Airport,19.738800048828125,-156.04600524902344,47
KOT,Kotlik Airport,63.0306015015,-163.533004761,15
KPN,Kipnuk Airport,59.932998657199995,-164.031005859,11
KPV,Perryville Airport,55.905998,-159.162993,29
KQA,Akutan Seaplane Base,54.1337704415,-165.778895617,0
KSM,St Mary's Airport,62.0605011,-163.302002,312
KTN,Ketchikan International Airport,55.35559845,-131.7140045,89
KTS,Brevig Mission Airport,65.3312988281,-166.466003418,38
KUK,Kasigluk Airport,60.87440109,-162.5240021,48
KVC,King Cove Airport,55.11629867553711,-162.26600646972656,155
KVL,Kivalina Airport,67.73619842529297,-164.56300354003906,13
KWK,Kwigillingok Airport,59.876499,-163.169005,18
KWN,Quinhagak Airport,59.75510025,-161.8450012,42
KWT,Kwethluk Airport,60.790298461899994,-161.444000244,25
KYK,Karluk Airport,57.5671005249,-154.449996948,137
KYU,Koyukuk Airport,64.8760986328,-157.727005005,149
LAA,Lamar Municipal Airport,38.069698333699996,-102.68800354,3706
LAF,Purdue University Airport,40.41230010986328,-86.93689727783203,606
LAL,Lakeland Linder Regional Airport,27.988899231,-82.0186004639,142
LAM,Los Alamos Airport,35.8797988892,-106.268997192,7171
LAN,Capital City Airport,42.77870178222656,-84.58740234375,861
LAR,Laramie Regional Airport,41.31209945678711,-105.67500305175781,7284
LAS,McCarran International Airport,36.08010101,-115.1520004,2181
LAW,Lawton Fort Sill Regional Airport,34.5676994324,-98.4166030884,1110
LAX,Los Angeles International Airport,33.94250107,-118.4079971,125
LBB,Lubbock Preston Smith International Airport,33.66360092163086,-101.822998046875,3282
LBE,Arnold Palmer Regional Airport,40.27590179,-79.40480042,1199
LBF,North Platte Regional Airport Lee Bird Field,41.12620163,-100.6839981,2777
LBL,Liberal Mid-America Regional Airport,37.0442009,-100.9599991,2885
LBT,Lumberton Regional Airport,34.6099014282,-79.05940246579999,126
LCH,Lake Charles Regional Airport,30.126100540161133,-93.223297119140625,15
LCK,Rickenbacker International Airport,39.813801,-82.927803,744
LCQ,Lake City Gateway Airport,30.1819992065,-82.57689666750001,201
LDJ,Linden Airport,40.617401123,-74.2445983887,23
LDM,Mason County Airport,43.96250153,-86.40789795,646
LEB,Lebanon Municipal Airport,43.626098632799994,-72.30419921880001,603
LEE,Leesburg International Airport,28.82309914,-81.80870056,76
LEW,Auburn Lewiston Municipal Airport,44.048500061,-70.2835006714,288
LEX,Blue Grass Airport,38.0364990234375,-84.60590362548828,979
LFI,Langley Air Force Base,37.082901001,-76.360496521,11
LFK,Angelina County Airport,31.2339992523,-94.75,296
LFT,Lafayette Regional Airport,30.20529938,-91.98760223,42
LGA,La Guardia Airport,40.77719879,-73.87259674,21
LGB,Long Beach /Daugherty Field/ Airport,33.81769943,-118.1520004,60
LGC,Lagrange Callaway Airport,33.0088996887,-85.0726013184,693
LGD,La Grande/Union County Airport,45.2901992798,-118.007003784,2717
LGU,Logan-Cache Airport,41.7911987305,-111.851997375,4457
LHD,Lake Hood Seaplane Base,61.18000030517578,-149.9720001220703,71
LHM,Lincoln Regional Karl Harder Field,38.90919876098633,-121.35099792480469,121
LHV,William T. Piper Memorial Airport,41.13560104,-77.42230225,556
LHX,La Junta Municipal Airport,38.04970169,-103.5090027,4229
LIH,Lihue Airport,21.97599983215332,-159.33900451660156,153
LIT,Bill & Hillary Clinton National Airport/Adams Field,34.729400634799994,-92.2242965698,262
LKP,Lake Placid Airport,44.2644996643,-73.96189880370001,1747
LLQ,Monticello Municipal Ellis Field,33.6385994,-91.75099945,270
LMT,Klamath Falls Airport,42.15610122680664,-121.73300170898438,4095
LNA,Palm Beach County Park Airport,26.59300041,-80.08509827,14
LNK,Lincoln Airport,40.85100173950195,-96.75920104980469,1219
LNN,Willoughby Lost Nation Municipal Airport,41.683998107899995,-81.3897018433,626
LNR,Tri-County Regional Airport,43.2117004395,-90.181602478,717
LNS,Lancaster Airport,40.121700286865234,-76.29609680175781,403
LNY,Lanai Airport,20.785600662231445,-156.9510040283203,1308
LOL,Derby Field,40.0663986206,-118.565002441,3904
LOT,Lewis University Airport,41.6072998,-88.09619904,679
LOU,Bowman Field,38.2280006409,-85.6636962891,546
LOZ,London-Corbin Airport/Magee Field,37.0821990967,-84.08489990230001,1212
LPC,Lompoc Airport,34.665599823,-120.46800231899999,88
LPR,Lorain County Regional Airport,41.34429932,-82.17759705,793
LPS,Lopez Island Airport,48.4838981628418,-122.93800354003906,209
LQR,Larned Pawnee County Airport,38.20859909,-99.08599854,2012
LRD,Laredo International Airport,27.543800354003906,-99.46160125732422,508
LRF,Little Rock Air Force Base,34.916900634799994,-92.14969635010002,311
LRO,Mt Pleasant Regional-Faison field,32.89780045,-79.78289795,12
LRU,Las Cruces International Airport,32.289398193359375,-106.9219970703125,4456
LSE,La Crosse Municipal Airport,43.879002,-91.256699,655
LSF,Lawson Army Air Field (Fort Benning),32.337299346900004,-84.9913024902,232
LSV,Nellis Air Force Base,36.2361984253,-115.033996582,1870
LTS,Altus Air Force Base,34.667098999,-99.2667007446,1382
LUF,Luke Air Force Base,33.534999847399995,-112.383003235,1085
LUK,Cincinnati Municipal Airport Lunken Field,39.10329819,-84.41860199,483
LUP,Kalaupapa Airport,21.21100044,-156.973999,24
LUR,Cape Lisburne LRRS Airport,68.87509918,-166.1100006,16
LVK,Livermore Municipal Airport,37.6934013367,-121.819999695,400
LVM,Mission Field,45.6994018555,-110.447998047,4660
LVS,Las Vegas Municipal Airport,35.6542015076,-105.141998291,6877
LWA,South Haven Area Regional Airport,42.351200103759766,-86.25569915771484,666
LWB,Greenbrier Valley Airport,37.8582992554,-80.3994979858,2302
LWC,Lawrence Municipal Airport,39.01119995,-95.21659851,833
LWM,Lawrence Municipal Airport,42.717201232899995,-71.1233978271,148
LWS,Lewiston Nez Perce County Airport,46.3745002746582,-117.01499938964844,1442
LWT,Lewistown Municipal Airport,47.04930114746094,-109.46700286865234,4170
LXN,Jim Kelly Field,40.791000366199995,-99.7772979736,2413
LYH,Lynchburg Regional Preston Glenn Field,37.326698303222656,-79.20040130615234,938
LYU,Ely Municipal Airport,47.82450104,-91.83070374,1456
LZU,Gwinnett County Briscoe Field,33.97809982,-83.96240234,1061
LZZ,Lampasas Airport,31.106199264526367,-98.1958999633789,1215
M94,Desert Aire Airport,46.687400817871094,-119.9209976196289,586
MAE,Madera Municipal Airport,36.9886016846,-120.111999512,255
MAF,Midland International Airport,31.9424991607666,-102.2020034790039,2871
MBG,Mobridge Municipal Airport,45.54650116,-100.4079971,1716
MBL,Manistee Co Blacker Airport,44.2723999,-86.24690247,621
MBS,MBS International Airport,43.532901763916016,-84.07959747314453,668
MCB,Mc Comb/Pike County Airport/John E Lewis Field,31.17849922,-90.47190094,413
MCC,Mc Clellan Airfield,38.66759872,-121.401001,77
MCE,Merced Regional Macready Field,37.28469849,-120.5139999,155
MCF,Mac Dill Air Force Base,27.84930038,-82.52120209,14
MCG,McGrath Airport,62.95289993,-155.6060028,341
MCI,Kansas City International Airport,39.2976,-94.713898,1026
MCK,Mc Cook Ben Nelson Regional Airport,40.20629883,-100.5920029,2583
MCL,McKinley National Park Airport,63.7326011658,-148.910995483,1720
MCN,Middle Georgia Regional Airport,32.69279861450195,-83.649200439453125,354
MCO,Orlando International Airport,28.429399490356445,-81.30899810791016,96
MCW,Mason City Municipal Airport,43.157798767100005,-93.3312988281,1213
MDH,Southern Illinois Airport,37.778099060058594,-89.25199890136719,411
MDT,Harrisburg International Airport,40.1935005188,-76.7633972168,310
MDW,Chicago Midway International Airport,41.7859992980957,-87.75240325927734,620
MEI,Key Field,32.33259963989258,-88.75189971923828,297
MEJ,Meade Municipal Airport,37.27690124511719,-100.35600280761719,2529
MEM,Memphis International Airport,35.04240036010742,-89.97669982910156,341
MEO,Dare County Regional Airport,35.91899872,-75.69550323,13
MER,Castle Airport,37.38050079,-120.5680008,191
MFD,Mansfield Lahm Regional Airport,40.82139968869999,-82.5166015625,1297
MFE,Mc Allen Miller International Airport,26.17580032,-98.23860168,107
MFI,Marshfield Municipal Airport,44.6369018555,-90.18930053710001,1277
MFR,Rogue Valley International Medford Airport,42.37419891357422,-122.87300109863281,1335
MGC,Michigan City Municipal Airport,41.703300476100004,-86.8211975098,655
MGE,Dobbins Air Reserve Base,33.91540146,-84.51629639,1068
MGJ,Orange County Airport,41.50999832,-74.26460266,364
MGM,Montgomery Regional (Dannelly Field) Airport,32.30059814,-86.39399719,221
MGW,Morgantown Municipal Walter L. Bill Hart Field,39.64289856,-79.91629791,1248
MGY,Dayton-Wright Brothers Airport,39.5890007019,-84.224899292,957
MHK,Manhattan Regional Airport,39.14099884033203,-96.6707992553711,1057
MHM,Minchumina Airport,63.88600158691406,-152.302001953125,678
MHR,Sacramento Mather Airport,38.55390167,-121.2979965,98
MHT,Manchester Airport,42.93259811401367,-71.435699462890625,266
MHV,Mojave Airport,35.05939865,-118.1520004,2801
MIA,Miami International Airport,25.79319953918457,-80.29060363769531,8
MIB,Minot Air Force Base,48.41559982,-101.3580017,1667
MIC,Crystal Airport,45.0620002746582,-93.35389709472656,869
MIE,Delaware County Johnson Field,40.2422981262207,-85.3958969116211,937
MIV,Millville Municipal Airport,39.367801666259766,-75.07219696044922,85
MKC,Charles B. Wheeler Downtown Airport,39.123199462890625,-94.5927963256836,759
MKE,General Mitchell International Airport,42.947200775146484,-87.89659881591797,723
MKG,Muskegon County Airport,43.16949844,-86.23819733,629
MKK,Molokai Airport,21.15290069580078,-157.0959930419922,454
MKL,Mc Kellar Sipes Regional Airport,35.59989929,-88.91560364,434
MKO,Davis Field,35.65650177,-95.36669922,611
MKT,Mankato Regional Airport,44.22159958,-93.91870117,1021
MLB,Melbourne International Airport,28.102800369262695,-80.64530181884766,33
MLC,Mc Alester Regional Airport,34.88240051,-95.78350067,770
MLD,Malad City Airport,42.16659927368164,-112.2969970703125,4503
MLI,Quad City International Airport,41.44850158691406,-90.50749969482422,590
MLJ,Baldwin County Airport,33.15420151,-83.24069977,385
MLL,Marshall Don Hunter Sr Airport,61.8642997742,-162.026000977,103
MLS,Frank Wiley Field,46.428001403808594,-105.88600158691406,2630
MLT,Millinocket Municipal Airport,45.64780044555664,-68.68560028076172,408
MLU,Monroe Regional Airport,32.51089859008789,-92.0376968383789,79
MLY,Manley Hot Springs Airport,64.99759674069999,-150.643997192,270
MMH,Mammoth Yosemite Airport,37.62409973,-118.8379974,7135
MMI,McMinn County Airport,35.39730072,-84.56259918,875
MMT,Mc Entire Joint National Guard Base,33.92079926,-80.80130005,254
MMU,Morristown Municipal Airport,40.799400329589844,-74.41490173339844,187
MMV,Mc Minnville Municipal Airport,45.19440079,-123.1360016,163
MNM,Menominee Marinette Twin County Airport,45.12670135498047,-87.638397216796875,625
MNZ,Manassas Regional Airport/Harry P. Davis Field,38.72140121,-77.51540375,192
MOB,Mobile Regional Airport,30.691200256348,-88.242797851562,219
MOD,Modesto City Co-Harry Sham Field,37.62580109,-120.9540024,97
MOT,Minot International Airport,48.2593994140625,-101.27999877929688,1716
MOU,Mountain Village Airport,62.095401763916016,-163.6820068359375,337
MPO,Pocono Mountains Municipal Airport,41.13750076,-75.37889862,1915
MPR,Mc Pherson Airport,38.35240173,-97.69129944,1498
MPV,Edward F Knapp State Airport,44.20349884,-72.56230164,1166
MQT,Sawyer International Airport,46.353599548300004,-87.395401001,1221
MRB,Eastern WV Regional Airport/Shepherd Field,39.40190125,-77.98459625,565
MRF,Marfa Municipal Airport,30.371099,-104.017997,4849
MRI,Merrill Field,61.2135009765625,-149.843994140625,137
MRK,Marco Island Airport,25.9950008392,-81.6725006104,5
MRN,Foothills Regional Airport,35.8202018737793,-81.61139678955078,1270
MRT,Union County Airport,40.224700927734375,-83.35160064697266,1021
MRY,Monterey Peninsula Airport,36.58700180053711,-121.84300231933594,257
MSL,Northwest Alabama Regional Airport,34.74530029,-87.61019897,551
MSN,Dane County Regional Truax Field,43.13990020751953,-89.3375015258789,887
MSO,Missoula International Airport,46.91630173,-114.0910034,3206
MSP,Minneapolis-St Paul International/Wold-Chamberlain Airport,44.881999969499994,-93.22180175780001,841
MSS,Massena International Richards Field,44.93579864501953,-74.84559631347656,215
MSY,Louis Armstrong New Orleans International Airport,29.99340057373047,-90.25800323486328,4
MTC,Selfridge Angb Airport,42.608299255371094,-82.83550262451172,580
MTH,The Florida Keys Marathon Airport,24.72610092,-81.05139923,5
MTJ,Montrose Regional Airport,38.509799957300004,-107.893997192,5759
MTM,Metlakatla Seaplane Base,55.13100051879883,-131.5780029296875,0
MTN,Martin State Airport,39.32569885,-76.4138031,21
MTP,Montauk Airport,41.076499938964844,-71.9207992553711,6
MUE,Waimea Kohala Airport,20.001300811767578,-155.66799926757812,2671
MUI,Muir Army Air Field (Fort Indiantown Gap) Airport,40.43479919,-76.56939697,488
MUO,Mountain Home Air Force Base,43.043598,-115.872002,2996
MVL,Morrisville Stowe State Airport,44.53459930419999,-72.6139984131,732
MVY,Martha's Vineyard Airport,41.3931007385,-70.6143035889,67
MWA,Williamson County Regional Airport,37.75500107,-89.01110077,472
MWC,Lawrence J Timmerman Airport,43.11040115356445,-88.0344009399414,745
MWH,Grant County International Airport,47.20769882,-119.3199997,1189
MWL,Mineral Wells Airport,32.7816009521,-98.0602035522,974
MWM,Windom Municipal Airport,43.91339874267578,-95.1093978881836,1410
MXF,Maxwell Air Force Base,32.38290023803711,-86.36579895019531,171
MYL,McCall Municipal Airport,44.88970184,-116.1009979,5024
MYR,Myrtle Beach International Airport,33.6796989441,-78.9282989502,25
MYU,Mekoryuk Airport,60.37139892578125,-166.27099609375,48
MYV,Yuba County Airport,39.09780121,-121.5699997,64
MZJ,Pinal Airpark,32.5106010437,-111.32800293,1893
NBG,New Orleans NAS JRB/Alvin Callender Field,29.82530022,-90.03500366,2
NCN,Chenega Bay Airport,60.0773010254,-147.992004395,72
NEL,Lakehurst Maxfield Field Airport,40.03329849,-74.353302,101
NEW,Lakefront Airport,30.042400360107,-90.028297424316,8
NGF,Kaneohe Bay MCAS (Marion E. Carl Field) Airport,21.4505004883,-157.768005371,24
NGP,Corpus Christi Naval Air Station/Truax Field,27.69260025,-97.29109955,18
NGU,Norfolk Ns (Chambers Fld) Airport,36.93759918,-76.28929901,17
NHK,Patuxent River Naval Air Station/Trapnell Field Aiport,38.2859993,-76.41179657,39
NHZ,Brunswick Executive Airport,43.89220047,-69.93859863,72
NIB,Nikolai Airport,63.01860046386719,-154.35800170898438,441
NID,China Lake Naws (Armitage Field) Airport,35.6853981,-117.6920013,2283
NJK,El Centro Naf Airport,32.829200744628906,-115.6719970703125,-42
NKX,Miramar Marine Corps Air Station - Mitscher Field,32.86840057,-117.1429977,477
NLC,Lemoore Naval Air Station (Reeves Field) Airport,36.33300018,-119.9520035,232
NLG,Nelson Lagoon Airport,56.007499694824,-161.16000366211,14
NME,Nightmute Airport,60.471000671387,-164.70100402832,4
NNL,Nondalton Airport,59.980201721191,-154.8390045166,314
NOW,Port Angeles Cgas Airport,48.14149856567383,-123.41400146484375,13
NPA,Pensacola Naval Air Station/Forrest Sherman Field,30.35269928,-87.31860352,28
NQA,Millington Regional Jetport Airport,35.356700897217,-89.870300292969,320
NQX,Naval Air Station Key West/Boca Chica Field,24.57579994,-81.68890381,6
NRB,Naval Station Mayport (Admiral David L. Mcdonald Field),30.39109993,-81.42469788,15
NSE,Whiting Field Naval Air Station - North,30.7241993,-87.02189636,199
NTD,Point Mugu Naval Air Station (Naval Base Ventura Co),34.120300293,-119.121002197,13
NTU,Oceana NAS,36.8207016,-76.03350067,23
NUI,Nuiqsut Airport,70.2099990845,-151.005996704,38
NUL,Nulato Airport,64.72930145263672,-158.07400512695312,399
NUQ,Moffett Federal Airfield,37.416099548339844,-122.04900360107422,32
NUW,Whidbey Island Naval Air Station /Ault Field/ Airport,48.35179901,-122.6559982,47
NXP,Twentynine Palms (Self) Airport,34.2961998,-116.1620026,2051
NXX,Willow Grove Naval Air Station/Joint Reserve Base,40.19979858,-75.14820099,358
NYG,Quantico MCAF /Turner field,38.50170135,-77.30529785,10
NZY,North Island Naval Air Station-Halsey Field,32.69919968,-117.2149963,26
OAJ,Albert J Ellis Airport,34.8292007446,-77.61209869380001,94
OAK,Metropolitan Oakland International Airport,37.72129821777344,-122.22100067138672,9
OAR,Marina Municipal Airport,36.68190002,-121.762001,137
OBE,Okeechobee County Airport,27.262800216699997,-80.8498001099,34
OBU,Kobuk Airport,66.9123001099,-156.897003174,137
OCA,Ocean Reef Club Airport,25.325399398804,-80.274803161621,8
OCF,Ocala International Airport - Jim Taylor Field,29.17259979,-82.22419739,90
OCW,Warren Field,35.570499420166,-77.049797058105,38
OEB,Branch County Memorial Airport,41.9333992,-85.05259705,959
OEL,Oryol Yuzhny Airport,52.934700012200004,36.0022010803,656
OFF,Offutt Air Force Base,41.118301391602,-95.912498474121,1052
OFK,Karl Stefan Memorial Airport,41.985500335693,-97.435096740723,1573
OGB,Orangeburg Municipal Airport,33.456798553467,-80.859497070312,195
OGD,Ogden Hinckley Airport,41.195899963379,-112.0120010376,4473
OGG,Kahului Airport,20.89859962463379,-156.42999267578125,54
OGS,Ogdensburg International Airport,44.6819000244,-75.46549987790002,297
OJC,Johnson County Executive Airport,38.84759903,-94.73760223,1096
OKC,Will Rogers World Airport,35.39310073852539,-97.60070037841797,1295
OKK,Kokomo Municipal Airport,40.528198242188,-86.05899810791,830
OLF,L M Clayton Airport,48.094501495399996,-105.574996948,1986
OLM,Olympia Regional Airport,46.9693985,-122.9029999,209
OLS,Nogales International Airport,31.417699813842773,-110.8479995727539,3955
OLU,Columbus Municipal Airport,41.44800186,-97.34259796,1447
OLV,Olive Branch Airport,34.9786987305,-89.78690338130001,402
OMA,Eppley Airfield,41.303199768066406,-95.89409637451172,984
OME,Nome Airport,64.51219940185547,-165.44500732421875,37
OMN,Ormond Beach Municipal Airport,29.300600051879883,-81.11360168457031,29
ONP,Newport Municipal Airport,44.58039855957031,-124.05799865722656,160
ONT,Ontario International Airport,34.055999755859375,-117.60099792480469,944
OOK,Toksook Bay Airport,60.54140091,-165.0870056,59
OPF,Opa-locka Executive Airport,25.90699959,-80.27839661,8
OQN,Brandywine Airport,39.9901008605957,-75.58190155029297,466
OQU,Quonset State Airport,41.597099304199,-71.412101745605,18
ORD,Chicago O'Hare International Airport,41.97859955,-87.90480042,672
ORF,Norfolk International Airport,36.89459991455078,-76.201202392578125,26
ORH,Worcester Regional Airport,42.26729965209961,-71.875701904296875,1009
ORL,Orlando Executive Airport,28.545499801636,-81.332901000977,113
ORT,Northway Airport,62.9612999,-141.9290009,1715
ORV,Robert (Bob) Curtis Memorial Airport,66.81790161,-161.0189972,55
OSC,Oscoda Wurtsmith Airport,44.45159912,-83.39409637,633
OSH,Wittman Regional Airport,43.98440170288086,-88.55699920654297,808
OSU,Ohio State University Airport,40.0797996521,-83.072998046875,905
OTH,Southwest Oregon Regional Airport,43.41709899902344,-124.24600219726562,17
OTM,Ottumwa Regional Airport,41.10660172,-92.44789886,845
OTZ,Ralph Wien Memorial Airport,66.88469696,-162.598999,14
OWB,Owensboro Daviess County Airport,37.74010086,-87.16680145,407
OWD,Norwood Memorial Airport,42.1904983521,-71.1728973389,49
OXC,Waterbury Oxford Airport,41.47859954834,-73.135200500488,726
OXR,Oxnard Airport,34.200801849365,-119.20700073242,45
OZA,Ozona Municipal Airport,30.735300064087,-101.20300292969,2381
OZR,Cairns AAF (Fort Rucker) Air Field,31.27569962,-85.71340179,301
P08,Coolidge Municipal Airport,32.9359016418457,-111.427001953125,1574
P52,Cottonwood Airport,34.7299995422,-112.035003662,3550
PAE,Snohomish County (Paine Field) Airport,47.90629959,-122.2819977,606
PAH,Barkley Regional Airport,37.06079864501953,-88.7738037109375,410
PAM,Tyndall Air Force Base,30.0695991516,-85.57540130619999,17
PAO,Palo Alto Airport of Santa Clara County,37.461101532,-122.114997864,4
PAQ,Palmer Municipal Airport,61.59489822387695,-149.08900451660156,242
PBF,Grider Field,34.1730995178,-91.9356002808,206
PBG,Plattsburgh International Airport,44.650901794433594,-73.46810150146484,234
PBI,Palm Beach International Airport,26.68320083618164,-80.09559631347656,19
PBX,Pike County-Hatcher Field,37.5617981,-82.56639862,1473
PCW,Carl R Keller Field,41.516300201416016,-82.86869812011719,590
PCZ,Waupaca Municipal Airport,44.33330154,-89.01979828,840
PDK,DeKalb Peachtree Airport,33.8755989075,-84.3020019531,1003
PDT,Eastern Oregon Regional At Pendleton Airport,45.695098877,-118.841003418,1497
PDX,Portland International Airport,45.58869934,-122.5979996,31
PEQ,Pecos Municipal Airport,31.382400512695,-103.51100158691,2613
PFN,Panama City-Bay Co International Airport,30.212099,-85.6828,20
PGA,Page Municipal Airport,36.92610168,-111.447998,4316
PGD,Charlotte County Airport,26.920200350000002,-81.9905014,26
PGV,Pitt Greenville Airport,35.6352005,-77.38529968,26
PHD,Harry Clever Field,40.470901489258,-81.419700622559,894
PHF,Newport News Williamsburg International Airport,37.13190079,-76.49299622,42
PHK,Palm Beach County Glades Airport,26.78499985,-80.69339752,16
PHL,Philadelphia International Airport,39.87189865112305,-75.24109649658203,36
PHN,St Clair County International Airport,42.9109993,-82.52890015,650
PHX,Phoenix Sky Harbor International Airport,33.43429946899414,-112.01200103759766,1135
PIA,General Wayne A. Downing Peoria International Airport,40.664199829100006,-89.6932983398,660
PIB,Hattiesburg Laurel Regional Airport,31.467100143432617,-89.33709716796875,298
PIE,St Petersburg Clearwater International Airport,27.91020012,-82.68740082,11
PIH,Pocatello Regional Airport,42.9098014831543,-112.59600067138672,4452
PIM,Harris County Airport,32.8406982422,-84.8824005127,902
PIP,Pilot Point Airport,57.5803985596,-157.572006226,57
PIR,Pierre Regional Airport,44.38270187,-100.2860031,1744
PIT,Pittsburgh International Airport,40.49150085,-80.23290253,1203
PIZ,Point Lay LRRS Airport,69.73290253,-163.0050049,22
PKA,Napaskiak Airport,60.70289993,-161.7779999,24
PKB,Mid Ohio Valley Regional Airport,39.34510040283203,-81.43920135498047,858
PLN,Pellston Regional Airport of Emmet County Airport,45.57089996,-84.79669952,721
PMB,Pembina Municipal Airport,48.9425010681,-97.2407989502,795
PMD,Palmdale Regional/USAF Plant 42 Airport,34.62939835,-118.0849991,2543
PML,Port Moller Airport,56.0060005188,-160.561004639,20
PMP,Pompano Beach Airpark,26.247100830078,-80.111099243164,19
PNC,Ponca City Regional Airport,36.73199844,-97.09980011,1008
PNE,Northeast Philadelphia Airport,40.08190155,-75.01059723,120
PNM,Princeton Municipal Airport,45.55989838,-93.60820007,980
PNS,Pensacola Regional Airport,30.473400115967,-87.186599731445,121
POB,Pope Field,35.1708984375,-79.014503479004,217
POC,Brackett Field,34.091598510742,-117.78199768066,1011
POE,Polk Army Air Field,31.0447998,-93.1917038,330
POF,Poplar Bluff Municipal Airport,36.773899078369,-90.324897766113,331
POU,Dutchess County Airport,41.6265983581543,-73.88420104980469,165
PPC,Prospect Creek Airport,66.814102172852,-150.64399719238,1095
PQI,Northern Maine Regional Airport at Presque Isle,46.68899918,-68.0447998,534
PRB,Paso Robles Municipal Airport,35.67290115,-120.6269989,840
PRC,Ernest A. Love Field,34.65449905,-112.4199982,5045
PRX,Cox Field,33.636600494385,-95.450798034668,547
PSC,Tri Cities Airport,46.26470184326172,-119.11900329589844,410
PSG,Petersburg James A Johnson Airport,56.80170059,-132.9450073,111
PSM,Portsmouth International at Pease Airport,43.0778999329,-70.8233032227,100
PSP,Palm Springs International Airport,33.8297004699707,-116.50700378417969,477
PSX,Palacios Municipal Airport,28.727500915527,-96.250999450684,14
PTB,Dinwiddie County Airport,37.183799743652,-77.507400512695,193
PTH,Port Heiden Airport,56.95909881591797,-158.63299560546875,95
PTK,Oakland County International Airport,42.665500640869,-83.420097351074,980
PTT,Pratt Regional Airport,37.70159912,-98.74690247,1953
PTU,Platinum Airport,59.01139831542969,-161.82000732421875,15
PUB,Pueblo Memorial Airport,38.289100646972656,-104.49700164794922,4726
PUC,Carbon County Regional/Buck Davis Field,39.61389923,-110.7509995,5957
PUW,Pullman Moscow Regional Airport,46.7439,-117.110001,2556
PVC,Provincetown Municipal Airport,42.0718994141,-70.2213973999,9
PVD,Theodore Francis Green State Airport,41.732601165771484,-71.42040252685547,55
PVU,Provo Municipal Airport,40.219200134277,-111.72299957275,4497
PWK,Chicago Executive Airport,42.114222,-87.901494,647
PWM,Portland International Jetport Airport,43.64619827,-70.30930328,76
PWT,Bremerton National Airport,47.490200042725,-122.76499938965,444
PWY,Ralph Wenz Field,42.79550171,-109.8069992,7102
PXE,Perry Houston County Airport,32.51060104370117,-83.767303466796875,418
PYM,Plymouth Municipal Airport,41.909000396728516,-70.72879791259766,148
PYP,Centre-Piedmont-Cherokee County Regional Airport,34.089977,-85.610069,596
RAC,John H Batten Airport,42.7606010437,-87.8152008057,674
RAL,Riverside Municipal Airport,33.95190048,-117.4449997,819
RAP,Rapid City Regional Airport,44.0452995300293,-103.05699920654297,3204
RBD,Dallas Executive Airport,32.6809005737,-96.8682022095,660
RBK,French Valley Airport,33.5741996765,-117.127998352,1350
RBY,Ruby Airport,64.72720337,-155.4700012,658
RCA,Ellsworth Air Force Base,44.14500046,-103.1039963,3276
RCZ,Richmond County Airport,34.8913,-79.759598,358
RDD,Redding Municipal Airport,40.50899887,-122.2929993,505
RDG,Reading Regional Carl A Spaatz Field,40.378501892089844,-75.96520233154297,344
RDM,Roberts Field,44.2541008,-121.1500015,3080
RDR,Grand Forks Air Force Base,47.961101532,-97.4011993408,913
RDU,Raleigh Durham International Airport,35.877601623535156,-78.7874984741211,435
REI,Redlands Municipal Airport,34.08530044555664,-117.14600372314453,1571
RFD,Chicago Rockford International Airport,42.19540023803711,-89.097198486328125,742
RHI,Rhinelander Oneida County Airport,45.63119888305664,-89.467498779296875,1624
RHV,Reid-Hillview Airport of Santa Clara County,37.332901001,-121.819000244,135
RIC,Richmond International Airport,37.50519943237305,-77.3197021484375,167
RID,Richmond Municipal Airport,39.757198333740234,-84.8427963256836,1140
RIF,Richfield Municipal Airport,38.73640060424805,-112.0989990234375,5301
RIL,Garfield County Regional Airport,39.52629852,-107.7269974,5548
RIR,Flabob Airport,33.98970031738281,-117.41100311279297,764
RIU,Rancho Murieta Airport,38.48680114746094,-121.10299682617188,141
RIV,March ARB Airport,33.88069916,-117.2590027,1536
RIW,Riverton Regional Airport,43.064201355,-108.459999084,5525
RKD,Knox County Regional Airport,44.06010056,-69.09919739,56
RKH,Rock Hill - York County Airport,34.9878006,-81.05719757,666
RKP,Aransas County Airport,28.0867996216,-97.0446014404,24
RKR,Robert S Kerr Airport,35.02159881591797,-94.62129974365234,451
RKS,Rock Springs Sweetwater County Airport,41.59420013,-109.0650024,6764
RME,Griffiss International Airport,43.23379898,-75.40699768,504
RMG,Richard B Russell Airport,34.3506011963,-85.15799713130001,644
RMY,Mariposa Yosemite Airport,37.5108985901,-120.040000916,2254
RND,Randolph Air Force Base,29.52969933,-98.27890015,761
RNH,New Richmond Regional Airport,45.14830017,-92.5381012,998
RNM,Ramona Airport,33.03919982910156,-116.91500091552734,1395
RNO,Reno Tahoe International Airport,39.49909973144531,-119.76799774169922,4415
RNT,Renton Municipal Airport,47.4930992126,-122.216003418,32
ROA,Roanoke–Blacksburg Regional Airport,37.325500488299994,-79.975402832,1175
ROC,Greater Rochester International Airport,43.118900299072266,-77.67240142822266,559
ROW,Roswell International Air Center Airport,33.30160140991211,-104.53099822998047,3671
RSH,Russian Mission Airport,61.7788848877,-161.319458008,51
RSL,Russell Municipal Airport,38.872100830078,-98.811798095703,1862
RST,Rochester International Airport,43.90829849243164,-92.5,1317
RSW,Southwest Florida International Airport,26.53619956970215,-81.75520324707031,30
RUT,Rutland - Southern Vermont Regional Airport,43.52939987,-72.94960022,787
RVS,Richard Lloyd Jones Jr Airport,36.039600372314,-95.984596252441,638
RWF,Redwood Falls Municipal Airport,44.54719925,-95.08229828,1024
RWI,Rocky Mount Wilson Regional Airport,35.856300354003906,-77.89189910888672,159
RWL,Rawlins Municipal Airport/Harvey Field,41.80559921,-107.1999969,6813
RYY,Cobb County-Mc Collum Field,34.01319885,-84.59860229,1040
S40,Prosser Airport,46.21340179,-119.7910004,697
S46,Port O'Connor Private Airport,28.42970085144043,-96.44439697265625,8
SAA,Shively Field,41.44490051269531,-106.8239974975586,7012
SAC,Sacramento Executive Airport,38.5125007629,-121.492996216,24
SAD,Safford Regional Airport,32.85480118,-109.6350021,3179
SAF,Santa Fe Municipal Airport,35.617099762,-106.088996887,6348
SAN,San Diego International Airport,32.7336006165,-117.190002441,17
SAT,San Antonio International Airport,29.533700942993164,-98.46980285644531,809
SAV,Savannah Hilton Head International Airport,32.12760162,-81.20210266,50
SBA,Santa Barbara Municipal Airport,34.42620087,-119.8399963,13
SBD,San Bernardino International Airport,34.0954017639,-117.23500061,1159
SBM,Sheboygan County Memorial Airport,43.76959991,-87.85140228,755
SBN,South Bend Regional Airport,41.70869827270508,-86.31729888916016,799
SBO,Emanuel County Airport,32.609100341796875,-82.369903564453125,327
SBP,San Luis County Regional Airport,35.236801147499996,-120.641998291,212
SBS,Steamboat Springs Bob Adams Field,40.5163002,-106.8659973,6882
SBY,Salisbury Ocean City Wicomico Regional Airport,38.34049987792969,-75.51029968261719,52
SCC,Deadhorse Airport,70.19470215,-148.4649963,65
SCD,Merkel Field Sylacauga Municipal Airport,33.17179870605469,-86.30549621582031,569
SCE,University Park Airport,40.8493003845,-77.84870147710001,1239
SCH,Schenectady County Airport,42.852500915527,-73.928901672363,378
SCK,Stockton Metropolitan Airport,37.894199371338,-121.2379989624,33
SCM,Scammon Bay Airport,61.845298767100005,-165.570999146,14
SDC,Williamson Sodus Airport,43.23469925,-77.1210022,424
SDF,Louisville International Standiford Field,38.1744,-85.736,501
SDM,Brown Field Municipal Airport,32.572299957275,-116.98000335693,526
SDP,Sand Point Airport,55.314998626708984,-160.5229949951172,21
SDX,Sedona Airport,34.848598480225,-111.78800201416,4830
SDY,Sidney Richland Municipal Airport,47.70690155,-104.1930008,1985
SEA,Seattle Tacoma International Airport,47.44900131225586,-122.30899810791016,433
SEE,Gillespie Field,32.826198577881,-116.97200012207,388
SEF,Sebring Regional Airport,27.45639992,-81.3423996,62
SEM,Craig Field,32.343898773193,-86.987800598145,166
SFB,Orlando Sanford International Airport,28.777599334716797,-81.23750305175781,55
SFF,Felts Field,47.682800292969,-117.32299804688,1953
SFO,San Francisco International Airport,37.61899948120117,-122.375,13
SFZ,North Central State Airport,41.9207992554,-71.49140167239999,441
SGF,Springfield Branson National Airport,37.24570084,-93.38860321,1268
SGH,Springfield-Beckley Municipal Airport,39.840301513672,-83.840202331543,1051
SGR,Sugar Land Regional Airport,29.622299194336,-95.65650177002,82
SGU,St George Municipal Airport,37.0363888889,-113.510305556,2941
SGY,Skagway Airport,59.46009826660156,-135.3159942626953,44
SHD,Shenandoah Valley Regional Airport,38.2638015747,-78.8964004517,1201
SHG,Shungnak Airport,66.88809967041,-157.16200256348,197
SHH,Shishmaref Airport,66.249604,-166.089112,12
SHN,Sanderson Field,47.233600616455,-123.14800262451,273
SHR,Sheridan County Airport,44.76919937133789,-106.9800033569336,4021
SHV,Shreveport Regional Airport,32.44660186767578,-93.82559967041016,258
SHX,Shageluk Airport,62.6922988892,-159.569000244,79
SIK,Sikeston Memorial Municipal Airport,36.898899078369,-89.561798095703,315
SIT,Sitka Rocky Gutierrez Airport,57.04710006713867,-135.36199951171875,21
SJC,Norman Y. Mineta San Jose International Airport,37.36259841918945,-121.92900085449219,62
SJT,San Angelo Regional Mathis Field,31.35770034790039,-100.49600219726562,1919
SKA,Fairchild Air Force Base,47.6151008606,-117.65599823,2461
SKF,Lackland Air Force Base,29.38419914,-98.58110046,691
SKK,Shaktoolik Airport,64.37110138,-161.223999,24
SKY,Griffing Sandusky Airport,41.4333992004,-82.6522979736,580
SLC,Salt Lake City International Airport,40.78839874267578,-111.97799682617188,4227
SLE,Salem Municipal Airport/McNary Field,44.90950012,-123.0029984,214
SLK,Adirondack Regional Airport,44.38529968261719,-74.2061996459961,1663
SLN,Salina Municipal Airport,38.79100036621094,-97.6521987915039,1288
SLQ,Sleetmute Airport,61.7005004883,-157.166000366,190
SMD,Smith Field,41.14339828,-85.15280151,835
SME,Lake Cumberland Regional Airport,37.053398132299996,-84.6158981323,927
SMF,Sacramento International Airport,38.69540023803711,-121.59100341796875,27
SMK,St Michael Airport,63.49010086,-162.1100006,98
SMN,Lemhi County Airport,45.1237983704,-113.880996704,4043
SMO,Santa Monica Municipal Airport,34.015800476100004,-118.450996399,177
SMX,Santa Maria Pub/Capt G Allan Hancock Field,34.89889908,-120.4570007,261
SNA,John Wayne Airport-Orange County Airport,33.67570114,-117.8679962,56
SNP,St Paul Island Airport,57.167301177978516,-170.22000122070312,63
SNS,Salinas Municipal Airport,36.662799835205,-121.60600280762,85
SNY,Sidney Municipal-Lloyd W Carr Field,41.10129929,-102.9850006,4313
SOA,Sonora Municipal Airport,30.585699081421,-100.6490020752,2140
SOP,Moore County Airport,35.23740005,-79.3911972,455
SOW,Show Low Regional Airport,34.265499115,-110.005996704,6415
SPF,Black Hills Airport-Clyde Ice Field,44.48030090332,-103.78299713135,3931
SPG,Albert Whitted Airport,27.765100479125977,-82.62699890136719,7
SPI,Abraham Lincoln Capital Airport,39.84410095,-89.677902219999993,598
SPS,Sheppard Air Force Base-Wichita Falls Municipal Airport,33.98880005,-98.49189758,1019
SPW,Spencer Municipal Airport,43.165500640869,-95.202796936035,1339
SPZ,Silver Springs Airport,39.40299987792969,-119.2509994506836,4269
SQL,San Carlos Airport,37.511901855469,-122.25,5
SRQ,Sarasota Bradenton International Airport,27.39539909362793,-82.55439758300781,30
SRR,Sierra Blanca Regional Airport,33.462799072266,-105.53500366211,6814
SSC,Shaw Air Force Base,33.97269821,-80.47059631,241
SSF,Stinson Municipal Airport,29.336999893188,-98.471099853516,577
SSI,Malcolm McKinnon Airport,31.15180016,-81.39129639,19
STC,St Cloud Regional Airport,45.546600341796875,-94.05989837646484,1031
STE,Stevens Point Municipal Airport,44.5452003479,-89.530296325684,1110
STG,St George Airport,56.578300476100004,-169.662002563,125
STJ,Rosecrans Memorial Airport,39.771900177002,-94.909698486328,826
STK,Sterling Municipal Airport,40.61529922,-103.2649994,4040
STL,Lambert St Louis International Airport,38.74869918823242,-90.37000274658203,618
STP,St Paul Downtown Holman Field,44.93450164794922,-93.05999755859375,705
STS,Charles M. Schulz Sonoma County Airport,38.50899887,-122.8130035,128
SUA,Witham Field,27.18169975,-80.22109985,16
SUN,Friedman Memorial Airport,43.50439835,-114.2959976,5318
SUS,Spirit of St Louis Airport,38.662101745605,-90.652000427246,463
SUT,Brunswick County Airport,33.9292984,-78.07499695,24
SUU,Travis Air Force Base,38.262699127197,-121.92700195312,62
SUX,Sioux Gateway Col. Bud Day Field,42.40259933,-96.38439941,1098
SUZ,Saline County Regional Airport,34.59059906,-92.47940063,390
SVA,Savoonga Airport,63.6864013671875,-170.4929962158203,53
SVH,Statesville Regional Airport,35.765300750732,-80.953903198242,968
SVN,Hunter Army Air Field,32.00999832,-81.14569855,41
SVW,Sparrevohn LRRS Airport,61.09740067,-155.5740051,1585
SWD,Seward Airport,60.12689971923828,-149.41900634765625,22
SWF,Stewart International Airport,41.50410079956055,-74.10479736328125,491
SXQ,Soldotna Airport,60.47570037841797,-151.03399658203125,113
SYR,Syracuse Hancock International Airport,43.11119842529297,-76.1063003540039,421
SZL,Whiteman Air Force Base,38.73030090332,-93.547897338867,870
TAN,Taunton Municipal King Field,41.8744010925293,-71.0166015625,43
TBN,Waynesville-St. Robert Regional Forney field,37.74160004,-92.14070129,1159
TCC,Tucumcari Municipal Airport,35.182800293,-103.602996826,4065
TCL,Tuscaloosa Regional Airport,33.220600128174,-87.611396789551,170
TCM,McChord Air Force Base,47.1376991272,-122.475997925,322
TCS,Truth Or Consequences Municipal Airport,33.2369003296,-107.272003174,4853
TDF,Person County Airport,36.28490067,-78.98419952,609
TEB,Teterboro Airport,40.85010147089999,-74.060798645,9
TEX,Telluride Regional Airport,37.9538002,-107.9079971,9070
TIK,Tinker Air Force Base,35.414699554443,-97.386596679688,1291
TIW,Tacoma Narrows Airport,47.26789856,-122.5780029,294
TIX,Space Coast Regional Airport,28.514799118042,-80.799201965332,34
TKA,Talkeetna Airport,62.320499420166,-150.09399414062,358
TKF,Truckee Tahoe Airport,39.319999694799996,-120.13999939,5900
TKI,Collin County Regional At Mc Kinney Airport,33.17789841,-96.59049988,585
TKJ,Tok Junction Airport,63.32949829,-142.9539948,1639
TLA,Teller Airport,65.2404022217,-166.339004517,294
TLH,Tallahassee Regional Airport,30.396499633789062,-84.35030364990234,81
TLJ,Tatalina LRRS Airport,62.894401550299996,-155.977005005,964
TMA,Henry Tift Myers Airport,31.4290008545,-83.4885025024,355
TMB,Kendall-Tamiami Executive Airport,25.6478996277,-80.432800293,8
TNC,Tin City Long Range Radar Station Airport,65.56310272,-167.9219971,271
TNT,Dade Collier Training and Transition Airport,25.861799240112,-80.897003173828,13
TOA,Zamperini Field,33.803398132324,-118.33999633789,103
TOC,Toccoa Airport - R.G. Letourneau Field,34.59379959,-83.29579926,996
TOG,Togiak Airport,59.052799224853516,-160.39700317382812,21
TOI,Troy Municipal Airport,31.860399246216,-86.012100219727,398
TOL,Toledo Express Airport,41.58679962,-83.80780029,683
TOP,Philip Billard Municipal Airport,39.068698883057,-95.622497558594,881
TPA,Tampa International Airport,27.975500106811523,-82.533203125,26
TPF,Peter O Knight Airport,27.915599822998,-82.44930267334,8
TPH,Tonopah Airport,38.06019974,-117.086998,5430
TPL,Draughon Miller Central Texas Regional Airport,31.15250015258789,-97.40779876708984,682
TQK,Scott City Municipal Airport,38.474300384521484,-100.88500213623047,2963
TRI,Tri Cities Regional Tn Va Airport,36.47520065307617,-82.40740203857422,1519
TRM,Jacqueline Cochran Regional Airport,33.62670135498,-116.16000366211,-115
TTD,Portland Troutdale Airport,45.54940032959,-122.40100097656,39
TTN,Trenton Mercer Airport,40.27669906616211,-74.8134994506836,213
TUL,Tulsa International Airport,36.19839859008789,-95.88809967041016,677
TUP,Tupelo Regional Airport,34.26810073852539,-88.7698974609375,346
TUS,Tucson International Airport,32.1161003112793,-110.94100189208984,2643
TVC,Cherry Capital Airport,44.74140167236328,-85.58219909667969,624
TVF,Thief River Falls Regional Airport,48.06570053,-96.18499756,1119
TVI,Thomasville Regional Airport,30.901599884033,-83.881301879883,264
TVL,Lake Tahoe Airport,38.89390182495117,-119.99500274658203,6264
TWF,Joslin Field Magic Valley Regional Airport,42.48180008,-114.487999,4154
TXK,Texarkana Regional Webb Field,33.45370101928711,-93.990997314453125,390
TYR,Tyler Pounds Regional Airport,32.35409927368164,-95.40239715576172,544
TYS,McGhee Tyson Airport,35.81100082,-83.9940033,981
TZR,Taszár Air Base,46.39310073852539,17.917499542236328,531
UAO,Aurora State Airport,45.247100830078125,-122.7699966430664,200
UDD,Bermuda Dunes Airport,33.748401641846,-116.27500152588,73
UDG,Darlington County Jetport Airport,34.44940186,-79.89009857,192
UGN,Waukegan National Airport,42.422199249268,-87.867897033691,727
UIN,Quincy Regional Baldwin Field,39.94269943,-91.19460297,768
UKF,Wilkes County Airport,36.2228012085,-81.09829711910001,1301
UKI,Ukiah Municipal Airport,39.125999450684,-123.20099639893,614
UKT,Quakertown Airport,40.435199737549,-75.381896972656,526
ULS,Ulysses Airport,37.60400009,-101.3740005,3071
UMP,Indianapolis Metropolitan Airport,39.93519974,-86.04499817,811
UNK,Unalakleet Airport,63.88840103,-160.798996,27
UOX,University Oxford Airport,34.384300231934,-89.536796569824,452
UPP,Upolu Airport,20.265300750732422,-155.86000061035156,96
UST,Northeast Florida Regional Airport,29.959199905396,-81.339797973633,10
UTM,Tunica Municipal Airport,34.680999755859,-90.346702575684,194
UTO,Indian Mountain LRRS Airport,65.99279785,-153.7039948,1273
UUK,Ugnu-Kuparuk Airport,70.33080291750001,-149.598007202,67
UVA,Garner Field,29.2112998962,-99.743598938,942
UWL,New Castle Henry Co. Municipal Airport,39.87590027,-85.32649994,1088
UYF,Madison County Airport,39.932701109999996,-83.46199799,1082
VAD,Moody Air Force Base,30.9678001404,-83.1930007935,233
VAK,Chevak Airport,61.5409,-165.6005,75
VAY,South Jersey Regional Airport,39.942901611299995,-74.845703125,53
VBG,Vandenberg Air Force Base,34.7373008728,-120.583999634,369
VCT,Victoria Regional Airport,28.85260009765625,-96.91850280761719,115
VCV,Southern California Logistics Airport,34.597499847399995,-117.383003235,2885
VDZ,Valdez Pioneer Field,61.13389969,-146.2480011,121
VEE,Venetie Airport,67.0086975098,-146.365997314,574
VEL,Vernal Regional Airport,40.4408989,-109.5100021,5278
VGT,North Las Vegas Airport,36.21070098877,-115.19400024414,2205
VIS,Visalia Municipal Airport,36.3186988831,-119.392997742,295
VLD,Valdosta Regional Airport,30.782499313354492,-83.276702880859375,203
VNC,Venice Municipal Airport,27.071599960327,-82.440299987793,18
VNW,Van Wert County Airport,40.86470031738281,-84.6093978881836,785
VNY,Van Nuys Airport,34.209800720215,-118.48999786377,802
VOK,Volk Field,43.938999176025,-90.253402709961,912
VPC,Cartersville Airport,34.12310028076172,-84.84870147705078,759
VPS,Destin-Ft Walton Beach Airport,30.4832,-86.525398,87
VPZ,Porter County Municipal Airport,41.45399857,-87.00710297,770
VRB,Vero Beach Municipal Airport,27.655599594116,-80.417900085449,24
VTN,Miller Field,42.85779953,-100.5479965,2596
VYS,Illinois Valley Regional Airport-Walter A Duncan Field,41.351898,-89.153099,654
WAA,Wales Airport,65.622593,-168.095,22
WAL,Wallops Flight Facility Airport,37.9402008057,-75.4664001465,40
WBQ,Beaver Airport,66.362197876,-147.406997681,359
WBU,Boulder Municipal Airport,40.0393981934,-105.225997925,5288
WBW,Wilkes Barre Wyoming Valley Airport,41.2971992493,-75.8511962891,545
WDR,Barrow County Airport,33.98289871,-83.66739655,943
WFK,Northern Aroostook Regional Airport,47.2854995728,-68.31279754639999,988
WHP,Whiteman Airport,34.2593002319,-118.413002014,1003
WJF,General WM J Fox Airfield,34.74110031,-118.2190018,2351
WKK,Aleknagik / New Airport,59.2826004028,-158.617996216,66
WKL,Waikoloa Heliport,19.9205,-155.8607,119
WLK,Selawik Airport,66.60009766,-159.9859924,17
WMC,Winnemucca Municipal Airport,40.8965988159,-117.805999756,4308
WMH,Ozark Regional Airport,36.3689002991,-92.47049713130001,928
WMO,White Mountain Airport,64.689201355,-163.412994385,267
WNA,Napakiak Airport,60.69029998779297,-161.97900390625,17
WRB,Robins Air Force Base,32.6400985718,-83.5919036865,294
WRG,Wrangell Airport,56.48429871,-132.3699951,49
WRI,Mc Guire Air Force Base,40.0155983,-74.59169769,131
WRL,Worland Municipal Airport,43.9656982421875,-107.95099639892578,4227
WSD,Condron Army Air Field,32.34149933,-106.4029999,3934
WSN,South Naknek Nr 2 Airport,58.7033996582,-157.007995605,162
WST,Westerly State Airport,41.3496017456,-71.8033981323,81
WTK,Noatak Airport,67.56610107421875,-162.97500610351562,88
WVI,Watsonville Municipal Airport,36.9356994629,-121.790000916,163
WWA,Wasilla Airport,61.5717010498,-149.539993286,354
WWD,Cape May County Airport,39.008499145500004,-74.9083023071,23
WWR,West Woodward Airport,36.438,-99.5226667,2189
WYS,Yellowstone Airport,44.68840027,-111.1179962,6649
XFL,Flagler County Airport,29.4673996,-81.20629883,33
XMR,Cape Canaveral AFS Skid Strip,28.4675998688,-80.56659698490002,10
XNA,Northwest Arkansas Regional Airport,36.281898,-94.306801,1287
YAK,Yakutat Airport,59.5032997131,-139.660003662,33
YIP,Willow Run Airport,42.23789978,-83.53040314,716
YKM,Yakima Air Terminal McAllister Field,46.56819916,-120.5439987,1099
YKN,Chan Gurney Municipal Airport,42.916698455811,-97.385902404785,1306
YNG,Youngstown Warren Regional Airport,41.26070023,-80.67910004,1192
YUM,Yuma MCAS/Yuma International Airport,32.65660095,-114.6060028,213
Z84,Clear Airport,64.301201,-149.119995,552
ZPH,Zephyrhills Municipal Airport,28.2282009125,-82.15589904790001,90
ZSY,Scottsdale Airport,33.622898101807,-111.91100311279,1510
ZUN,Black Rock Airport,35.08319854736328,-108.79199981689453,6454
ZZV,Zanesville Municipal Airport,39.9444007874,-81.89209747310001,900
